OrderID,CustomerID,RestaurantID,OrderDate,TotalAmount
O924,C510,R189,2025-01-01,420
O1288,C353,R160,2025-01-01,850
O2570,C932,R179,2025-01-01,1240
O2769,C555,R168,2025-01-01,820
O3420,C306,R172,2025-01-01,640
O3927,C1684,R202,2025-01-01,980
O1530,C440,R102,2025-01-02,390
O1697,C1511,R129,2025-01-02,1290
O2164,C889,R221,2025-01-02,620
O2462,C1576,R192,2025-01-02,420
O3618,C347,R181,2025-01-02,700
O730,C489,R132,2025-01-03,1230
O1319,C1043,R103,2025-01-03,500
O1498,C1581,R238,2025-01-03,1030
O1991,C1069,R196,2025-01-03,340
O2099,C1132,R163,2025-01-03,620
O2708,C495,R197,2025-01-03,530
O2743,C1688,R139,2025-01-03,480
O3024,C1520,R219,2025-01-03,620
O3277,C1077,R206,2025-01-03,690
O3335,C266,R137,2025-01-03,820
O4350,C1174,R185,2025-01-03,460
O534,C1203,R233,2025-01-04,1090
O739,C1505,R134,2025-01-04,690
O2187,C1200,R127,2025-01-04,290
O2322,C300,R170,2025-01-04,240
O3225,C410,R208,2025-01-04,430
O3609,C1441,R235,2025-01-04,1050
O3733,C902,R239,2025-01-04,860
O1395,C1636,R171,2025-01-05,230
O2511,C1163,R207,2025-01-05,360
O2514,C567,R234,2025-01-05,1030
O2704,C1293,R155,2025-01-05,980
O3107,C889,R163,2025-01-05,850
O4182,C1418,R146,2025-01-05,300
O4370,C460,R229,2025-01-05,720
O585,C910,R218,2025-01-06,600
O588,C1601,R203,2025-01-06,640
O641,C1465,R101,2025-01-06,980
O1426,C483,R162,2025-01-06,180
O2173,C1086,R130,2025-01-06,1500
O2392,C1065,R212,2025-01-06,740
O2610,C657,R120,2025-01-06,420
O3461,C1503,R102,2025-01-06,400
O3802,C1335,R177,2025-01-06,440
O3947,C601,R139,2025-01-06,620
O1567,C737,R154,2025-01-07,660
O1568,C244,R144,2025-01-07,970
O1638,C409,R224,2025-01-07,1000
O1886,C761,R229,2025-01-07,260
O2124,C299,R119,2025-01-07,320
O2467,C1522,R123,2025-01-07,640
O2799,C1549,R185,2025-01-07,580
O3184,C854,R162,2025-01-07,180
O3249,C1137,R228,2025-01-07,230
O3508,C475,R143,2025-01-07,560
O3871,C1466,R105,2025-01-07,660
O3969,C214,R208,2025-01-07,1490
O4052,C1138,R195,2025-01-07,520
O4096,C961,R240,2025-01-07,630
O4333,C1385,R246,2025-01-07,180
O568,C351,R178,2025-01-08,600
O1318,C1303,R228,2025-01-08,1060
O1377,C1369,R205,2025-01-08,120
O1774,C728,R146,2025-01-08,670
O1958,C253,R246,2025-01-08,370
O1998,C1132,R240,2025-01-08,1010
O2039,C746,R143,2025-01-08,740
O2259,C693,R152,2025-01-08,510
O2895,C603,R128,2025-01-08,330
O3108,C1331,R173,2025-01-08,850
O3896,C501,R186,2025-01-08,430
O4061,C216,R210,2025-01-08,710
O4233,C707,R250,2025-01-08,600
O638,C371,R245,2025-01-09,440
O1873,C827,R241,2025-01-09,510
O2027,C829,R122,2025-01-09,310
O2268,C771,R227,2025-01-09,720
O1375,C889,R141,2025-01-10,220
O1755,C347,R211,2025-01-10,470
O2010,C1668,R219,2025-01-10,470
O2150,C1205,R120,2025-01-10,430
O2327,C716,R129,2025-01-10,340
O2356,C433,R171,2025-01-10,410
O3117,C1299,R232,2025-01-10,80
O3190,C784,R174,2025-01-10,1130
O3201,C1234,R126,2025-01-10,260
O3479,C977,R129,2025-01-10,680
O4036,C218,R139,2025-01-10,410
O4326,C581,R117,2025-01-10,1120
O2699,C755,R132,2025-01-11,1140
O2727,C678,R141,2025-01-11,900
O3224,C524,R192,2025-01-11,490
O3399,C305,R156,2025-01-11,830
O3747,C239,R115,2025-01-11,1110
O3769,C1615,R122,2025-01-11,160
O483,C223,R112,2025-01-12,950
O645,C1394,R248,2025-01-12,290
O1351,C494,R136,2025-01-12,970
O1394,C458,R165,2025-01-12,310
O1644,C689,R145,2025-01-12,110
O1875,C721,R190,2025-01-12,720
O2407,C356,R148,2025-01-12,220
O2584,C591,R157,2025-01-12,1780
O3327,C601,R192,2025-01-12,540
O1352,C1013,R150,2025-01-13,770
O2353,C1192,R199,2025-01-13,530
O2405,C1112,R242,2025-01-13,600
O3777,C1532,R231,2025-01-13,90
O4234,C498,R229,2025-01-13,1010
O421,C746,R219,2025-01-14,420
O2204,C473,R187,2025-01-14,580
O2314,C582,R128,2025-01-14,1110
O2804,C770,R200,2025-01-14,440
O3520,C252,R192,2025-01-14,360
O3677,C732,R117,2025-01-14,750
O3958,C723,R226,2025-01-14,1000
O1161,C267,R195,2025-01-15,600
O1771,C1392,R228,2025-01-15,300
O2243,C1486,R209,2025-01-15,340
O3145,C1522,R213,2025-01-15,280
O3424,C215,R152,2025-01-15,610
O3444,C1355,R234,2025-01-15,770
O1672,C1022,R164,2025-01-16,860
O2016,C1082,R190,2025-01-16,460
O2478,C1423,R185,2025-01-16,530
O3043,C987,R208,2025-01-16,90
O3313,C657,R210,2025-01-16,170
O3345,C792,R215,2025-01-16,240
O908,C1140,R240,2025-01-17,1020
O1061,C1556,R105,2025-01-17,490
O2035,C1089,R109,2025-01-17,370
O2851,C1271,R205,2025-01-17,910
O2902,C849,R209,2025-01-17,210
O3417,C476,R124,2025-01-17,1320
O4361,C296,R229,2025-01-17,540
O1025,C1039,R179,2025-01-18,230
O1980,C1475,R236,2025-01-18,500
O2095,C477,R248,2025-01-18,1000
O2130,C615,R176,2025-01-18,380
O2489,C1576,R157,2025-01-18,1150
O2495,C575,R101,2025-01-18,680
O2892,C1608,R107,2025-01-18,960
O3338,C629,R183,2025-01-18,820
O4229,C269,R123,2025-01-18,270
O1505,C1254,R247,2025-01-19,650
O3233,C1055,R183,2025-01-19,460
O3765,C1560,R190,2025-01-19,240
O4165,C629,R213,2025-01-19,270
O4242,C1263,R189,2025-01-19,1050
O1784,C282,R191,2025-01-20,560
O2194,C1689,R207,2025-01-20,490
O2656,C856,R238,2025-01-20,880
O2975,C223,R155,2025-01-20,780
O3521,C383,R221,2025-01-20,600
O3810,C1427,R117,2025-01-20,510
O4363,C994,R233,2025-01-20,450
O499,C1374,R107,2025-01-21,390
O1628,C1334,R153,2025-01-21,700
O2242,C857,R158,2025-01-21,520
O2285,C436,R134,2025-01-21,550
O2709,C1032,R155,2025-01-21,460
O2780,C401,R152,2025-01-21,540
O3175,C1385,R163,2025-01-21,300
O3286,C867,R178,2025-01-21,290
O3495,C804,R243,2025-01-21,380
O3905,C768,R178,2025-01-21,600
O4170,C392,R238,2025-01-21,840
O435,C458,R106,2025-01-22,1030
O530,C1584,R116,2025-01-22,1130
O622,C490,R120,2025-01-22,440
O729,C456,R164,2025-01-22,330
O1119,C586,R216,2025-01-22,170
O1146,C849,R103,2025-01-22,740
O1290,C1133,R176,2025-01-22,510
O1329,C1400,R180,2025-01-22,380
O1604,C1677,R126,2025-01-22,1500
O1835,C592,R221,2025-01-22,1560
O2175,C1126,R203,2025-01-22,490
O2238,C1121,R237,2025-01-22,90
O2346,C334,R214,2025-01-22,830
O3533,C512,R156,2025-01-22,1440
O603,C1339,R186,2025-01-23,100
O717,C1321,R104,2025-01-23,370
O1200,C462,R125,2025-01-23,330
O1432,C1479,R139,2025-01-23,1200
O2377,C1191,R147,2025-01-23,300
O2691,C1358,R147,2025-01-23,200
O461,C983,R237,2025-01-24,360
O770,C1649,R171,2025-01-24,410
O1234,C701,R159,2025-01-24,530
O1951,C266,R157,2025-01-24,1220
O1979,C940,R126,2025-01-24,420
O2096,C1314,R130,2025-01-24,550
O2239,C790,R194,2025-01-24,740
O2823,C877,R107,2025-01-24,390
O3177,C1248,R163,2025-01-24,750
O3728,C664,R142,2025-01-24,230
O3829,C867,R166,2025-01-24,100
O514,C471,R213,2025-01-25,1190
O678,C897,R202,2025-01-25,1250
O1643,C679,R140,2025-01-25,490
O2706,C1641,R149,2025-01-25,920
O2905,C922,R146,2025-01-25,520
O2986,C1690,R183,2025-01-25,760
O3433,C287,R154,2025-01-25,1110
O4041,C1692,R241,2025-01-25,510
O4144,C1467,R237,2025-01-25,570
O1881,C738,R237,2025-01-26,480
O2082,C336,R119,2025-01-26,450
O2504,C1585,R104,2025-01-26,170
O2548,C816,R207,2025-01-26,340
O2595,C1301,R233,2025-01-26,570
O2825,C533,R167,2025-01-26,120
O3524,C754,R103,2025-01-26,500
O4139,C1295,R209,2025-01-26,1020
O775,C616,R176,2025-01-27,400
O1021,C451,R132,2025-01-27,1140
O1696,C1355,R191,2025-01-27,160
O2093,C753,R202,2025-01-27,570
O3359,C737,R177,2025-01-27,160
O3754,C745,R179,2025-01-27,750
O550,C225,R223,2025-01-28,350
O872,C1618,R109,2025-01-28,600
O914,C292,R246,2025-01-28,1370
O1208,C1113,R210,2025-01-28,940
O1488,C1629,R213,2025-01-28,720
O3576,C1398,R131,2025-01-28,1060
O4087,C1532,R143,2025-01-28,1340
O427,C846,R150,2025-01-29,880
O675,C613,R204,2025-01-29,230
O987,C891,R205,2025-01-29,130
O1658,C1624,R172,2025-01-29,1240
O2102,C682,R171,2025-01-29,1050
O2319,C407,R150,2025-01-29,730
O3685,C1342,R108,2025-01-29,170
O3808,C1147,R156,2025-01-29,550
O3943,C1262,R170,2025-01-29,240
O3975,C604,R235,2025-01-29,1130
O4398,C1051,R132,2025-01-29,670
O2827,C1642,R178,2025-01-30,640
O2901,C1512,R162,2025-01-30,490
O3366,C291,R219,2025-01-30,690
O3672,C372,R225,2025-01-30,1080
O3699,C474,R160,2025-01-30,760
O724,C1256,R223,2025-01-31,300
O831,C1374,R244,2025-01-31,1760
O1001,C1111,R214,2025-01-31,1580
O1276,C1455,R226,2025-01-31,660
O1408,C498,R113,2025-01-31,450
O1627,C714,R182,2025-01-31,780
O2169,C770,R115,2025-01-31,310
O2686,C733,R121,2025-01-31,760
O3065,C901,R229,2025-01-31,780
O3578,C1439,R168,2025-01-31,860
O3818,C358,R190,2025-01-31,770
O3819,C624,R158,2025-01-31,1210
O807,C841,R177,2025-02-01,230
O1465,C1488,R102,2025-02-01,1040
O2445,C540,R139,2025-02-01,260
O2469,C1162,R192,2025-02-01,930
O2472,C1622,R216,2025-02-01,530
O3365,C751,R214,2025-02-01,280
O3506,C1007,R156,2025-02-01,510
O3856,C880,R236,2025-02-01,100
O3950,C1014,R232,2025-02-01,80
O785,C684,R209,2025-02-02,360
O1236,C420,R161,2025-02-02,380
O1654,C816,R129,2025-02-02,800
O1661,C1401,R184,2025-02-02,440
O1728,C1084,R239,2025-02-02,1630
O1840,C388,R150,2025-02-02,1270
O1968,C1246,R124,2025-02-02,900
O2043,C342,R110,2025-02-02,290
O3710,C1694,R202,2025-02-02,610
O915,C1590,R214,2025-02-03,830
O938,C841,R147,2025-02-03,360
O1656,C1315,R158,2025-02-03,230
O1756,C1314,R227,2025-02-03,870
O4346,C1001,R206,2025-02-03,920
O1243,C230,R140,2025-02-04,1240
O1286,C686,R132,2025-02-04,1200
O2063,C493,R169,2025-02-04,670
O2261,C1443,R239,2025-02-04,470
O2395,C1488,R136,2025-02-04,240
O2509,C922,R158,2025-02-04,460
O2792,C817,R106,2025-02-04,420
O3888,C1119,R220,2025-02-04,430
O450,C681,R183,2025-02-05,680
O659,C621,R196,2025-02-05,250
O893,C1554,R231,2025-02-05,580
O988,C1567,R144,2025-02-05,1550
O1596,C1115,R164,2025-02-05,1160
O1715,C1119,R183,2025-02-05,990
O2316,C350,R249,2025-02-05,470
O2481,C1611,R121,2025-02-05,1060
O2668,C1128,R139,2025-02-05,740
O694,C1328,R249,2025-02-06,950
O741,C1021,R155,2025-02-06,920
O1506,C489,R162,2025-02-06,480
O1558,C1207,R185,2025-02-06,970
O1709,C777,R164,2025-02-06,710
O2477,C826,R208,2025-02-06,750
O2832,C744,R168,2025-02-06,530
O2867,C1630,R151,2025-02-06,390
O4387,C1170,R201,2025-02-06,850
O1649,C1492,R166,2025-02-07,500
O1806,C1192,R225,2025-02-07,1670
O2337,C597,R115,2025-02-07,1050
O3038,C640,R223,2025-02-07,160
O4299,C1468,R203,2025-02-07,260
O541,C398,R150,2025-02-08,940
O656,C277,R183,2025-02-08,790
O1265,C736,R168,2025-02-08,1170
O1362,C1305,R225,2025-02-08,640
O1862,C992,R152,2025-02-08,570
O1937,C1626,R247,2025-02-08,370
O1942,C1440,R119,2025-02-08,370
O2191,C342,R169,2025-02-08,660
O2484,C284,R210,2025-02-08,850
O2955,C1026,R148,2025-02-08,340
O4309,C500,R182,2025-02-08,500
O529,C416,R198,2025-02-09,640
O595,C834,R248,2025-02-09,1660
O828,C1233,R191,2025-02-09,380
O1670,C1173,R151,2025-02-09,420
O1963,C1448,R192,2025-02-09,1020
O2336,C622,R247,2025-02-09,370
O2383,C922,R152,2025-02-09,210
O2795,C295,R118,2025-02-09,720
O3250,C1123,R102,2025-02-09,320
O634,C220,R147,2025-02-10,460
O664,C1609,R117,2025-02-10,1180
O857,C1467,R126,2025-02-10,920
O985,C1446,R161,2025-02-10,560
O1439,C545,R160,2025-02-10,1130
O2145,C701,R240,2025-02-10,620
O2246,C1576,R244,2025-02-10,1220
O2434,C371,R149,2025-02-10,380
O2696,C936,R121,2025-02-10,980
O2937,C1434,R169,2025-02-10,140
O3430,C1039,R197,2025-02-10,470
O4316,C405,R181,2025-02-10,700
O4376,C1540,R156,2025-02-10,680
O782,C572,R225,2025-02-11,710
O1118,C1650,R228,2025-02-11,770
O1143,C382,R107,2025-02-11,340
O1522,C1020,R210,2025-02-11,570
O2126,C1671,R189,2025-02-11,310
O2471,C635,R234,2025-02-11,950
O2605,C789,R209,2025-02-11,700
O2915,C964,R180,2025-02-11,140
O2934,C1555,R116,2025-02-11,660
O2965,C1264,R181,2025-02-11,880
O3138,C1560,R230,2025-02-11,950
O4028,C275,R225,2025-02-11,320
O1092,C952,R248,2025-02-12,180
O2077,C488,R218,2025-02-12,400
O2281,C1168,R171,2025-02-12,350
O2575,C649,R220,2025-02-12,1100
O2676,C1666,R102,2025-02-12,570
O4032,C276,R169,2025-02-12,300
O428,C1276,R231,2025-02-13,860
O497,C735,R222,2025-02-13,180
O885,C588,R139,2025-02-13,920
O1086,C1498,R155,2025-02-13,300
O1384,C1248,R249,2025-02-13,760
O1853,C702,R184,2025-02-13,440
O3311,C931,R222,2025-02-13,170
O3632,C590,R106,2025-02-13,160
O3655,C1667,R188,2025-02-13,2030
O3722,C554,R175,2025-02-13,450
O4177,C538,R183,2025-02-13,690
O526,C1065,R194,2025-02-14,490
O761,C1317,R185,2025-02-14,460
O1341,C1652,R155,2025-02-14,150
O1402,C655,R164,2025-02-14,270
O1640,C1411,R210,2025-02-14,970
O1743,C593,R231,2025-02-14,90
O2782,C378,R249,2025-02-14,240
O2936,C651,R245,2025-02-14,1190
O3487,C1108,R247,2025-02-14,510
O3784,C1544,R203,2025-02-14,450
O4024,C1333,R149,2025-02-14,630
O4025,C309,R231,2025-02-14,280
O1044,C1486,R198,2025-02-15,1010
O1163,C395,R230,2025-02-15,1300
O1338,C720,R156,2025-02-15,470
O1447,C1346,R226,2025-02-15,760
O1532,C1222,R189,2025-02-15,580
O1540,C1226,R114,2025-02-15,360
O2998,C1666,R116,2025-02-15,510
O3261,C667,R116,2025-02-15,130
O3267,C749,R137,2025-02-15,320
O3454,C739,R152,2025-02-15,450
O3464,C1689,R104,2025-02-15,470
O4013,C733,R128,2025-02-15,1260
O4345,C1217,R203,2025-02-15,860
O459,C1363,R112,2025-02-16,220
O476,C278,R103,2025-02-16,360
O620,C927,R192,2025-02-16,480
O829,C914,R168,2025-02-16,450
O1790,C781,R153,2025-02-16,730
O2505,C786,R155,2025-02-16,630
O2724,C619,R131,2025-02-16,2010
O3042,C1447,R116,2025-02-16,560
O3567,C1646,R131,2025-02-16,1360
O3649,C267,R233,2025-02-16,260
O3712,C1490,R160,2025-02-16,610
O3919,C1228,R139,2025-02-16,700
O3941,C1379,R118,2025-02-16,500
O533,C1341,R128,2025-02-17,500
O932,C959,R186,2025-02-17,720
O1203,C1255,R181,2025-02-17,500
O1218,C1001,R133,2025-02-17,410
O1393,C827,R227,2025-02-17,980
O2049,C1085,R219,2025-02-17,720
O2237,C858,R193,2025-02-17,1260
O3207,C1406,R215,2025-02-17,320
O3276,C704,R234,2025-02-17,990
O3287,C772,R104,2025-02-17,470
O3363,C389,R243,2025-02-17,1110
O4168,C830,R116,2025-02-17,790
O1235,C1138,R241,2025-02-18,690
O1311,C1260,R158,2025-02-18,570
O1391,C1584,R133,2025-02-18,480
O1851,C1498,R234,2025-02-18,1100
O2225,C718,R186,2025-02-18,1700
O3148,C322,R119,2025-02-18,370
O3326,C923,R144,2025-02-18,810
O1085,C425,R121,2025-02-19,1400
O1339,C1638,R128,2025-02-19,460
O1469,C1089,R117,2025-02-19,840
O1566,C1306,R151,2025-02-19,1030
O2040,C589,R209,2025-02-19,1200
O2221,C782,R106,2025-02-19,1190
O3174,C861,R227,2025-02-19,240
O4206,C591,R108,2025-02-19,590
O816,C1302,R125,2025-02-20,380
O1186,C1302,R174,2025-02-20,1020
O1356,C458,R103,2025-02-20,730
O1798,C641,R167,2025-02-20,100
O2036,C948,R247,2025-02-20,900
O3264,C1405,R159,2025-02-20,770
O527,C288,R147,2025-02-21,180
O1032,C1062,R206,2025-02-21,860
O1708,C1070,R137,2025-02-21,620
O2496,C1607,R141,2025-02-21,460
O2871,C576,R168,2025-02-21,600
O2930,C318,R196,2025-02-21,1190
O3759,C690,R199,2025-02-21,110
O4043,C917,R172,2025-02-21,640
O4197,C889,R122,2025-02-21,100
O507,C444,R111,2025-02-22,730
O800,C794,R202,2025-02-22,590
O2362,C1066,R182,2025-02-22,240
O2417,C1073,R159,2025-02-22,580
O2531,C890,R243,2025-02-22,380
O3222,C1215,R208,2025-02-22,240
O3682,C224,R122,2025-02-22,320
O4015,C833,R163,2025-02-22,550
O1027,C1366,R203,2025-02-23,590
O2390,C1652,R101,2025-02-23,540
O3303,C360,R195,2025-02-23,740
O3720,C490,R112,2025-02-23,750
O4200,C1250,R171,2025-02-23,330
O1008,C808,R143,2025-02-24,1100
O1843,C1482,R108,2025-02-24,300
O2060,C585,R197,2025-02-24,540
O2214,C778,R162,2025-02-24,580
O2569,C890,R108,2025-02-24,690
O3103,C575,R184,2025-02-24,750
O3348,C243,R219,2025-02-24,880
O3349,C561,R157,2025-02-24,1170
O3711,C1116,R116,2025-02-24,130
O1256,C530,R234,2025-02-25,750
O2604,C1012,R231,2025-02-25,280
O2678,C900,R211,2025-02-25,1410
O3381,C635,R147,2025-02-25,280
O3501,C1070,R229,2025-02-25,830
O3686,C1522,R234,2025-02-25,1010
O3835,C663,R137,2025-02-25,350
O4117,C803,R172,2025-02-25,1220
O456,C854,R120,2025-02-26,250
O517,C1187,R171,2025-02-26,230
O753,C297,R174,2025-02-26,180
O808,C438,R221,2025-02-26,700
O1195,C1620,R228,2025-02-26,510
O1354,C1594,R143,2025-02-26,580
O1651,C714,R250,2025-02-26,480
O2308,C584,R162,2025-02-26,620
O2411,C1571,R189,2025-02-26,110
O2453,C653,R189,2025-02-26,580
O3538,C408,R162,2025-02-26,700
O3549,C1060,R206,2025-02-26,1090
O3564,C382,R195,2025-02-26,400
O3773,C693,R233,2025-02-26,110
O425,C1058,R127,2025-02-27,160
O776,C1233,R165,2025-02-27,500
O972,C506,R169,2025-02-27,1340
O1500,C281,R247,2025-02-27,740
O1738,C655,R209,2025-02-27,790
O1876,C574,R220,2025-02-27,300
O1897,C1518,R119,2025-02-27,320
O1988,C458,R194,2025-02-27,740
O2313,C795,R217,2025-02-27,800
O430,C1589,R226,2025-02-28,200
O506,C1129,R104,2025-02-28,400
O600,C1004,R119,2025-02-28,820
O606,C1098,R167,2025-02-28,1200
O1315,C1557,R150,2025-02-28,110
O1332,C828,R103,2025-02-28,560
O1585,C641,R113,2025-02-28,280
O1650,C1251,R128,2025-02-28,590
O2098,C912,R164,2025-02-28,100
O2725,C941,R208,2025-02-28,380
O3911,C897,R230,2025-02-28,1180
O407,C1050,R179,2025-03-01,560
O1242,C352,R230,2025-03-01,500
O1379,C1372,R232,2025-03-01,260
O1910,C892,R235,2025-03-01,680
O3395,C1401,R104,2025-03-01,800
O4330,C1150,R114,2025-03-01,200
O4397,C1693,R111,2025-03-01,620
O2352,C1139,R111,2025-03-02,220
O2486,C509,R208,2025-03-02,190
O3001,C466,R177,2025-03-02,600
O3593,C951,R208,2025-03-02,340
O3988,C361,R118,2025-03-02,1160
O4039,C808,R148,2025-03-02,400
O471,C1136,R128,2025-03-03,500
O843,C613,R233,2025-03-03,610
O990,C1289,R125,2025-03-03,240
O1154,C1077,R140,2025-03-03,620
O1553,C919,R180,2025-03-03,1030
O1935,C1464,R170,2025-03-03,220
O2900,C1201,R236,2025-03-03,330
O3180,C1025,R132,2025-03-03,480
O3900,C779,R125,2025-03-03,430
O4059,C1035,R199,2025-03-03,920
O4204,C647,R143,2025-03-03,550
O539,C1319,R191,2025-03-04,880
O890,C1691,R234,2025-03-04,880
O1268,C749,R198,2025-03-04,710
O1326,C755,R160,2025-03-04,1620
O1706,C1239,R222,2025-03-04,910
O1716,C1152,R140,2025-03-04,740
O3563,C367,R101,2025-03-04,440
O3791,C1507,R108,2025-03-04,360
O3893,C321,R124,2025-03-04,710
O4065,C446,R155,2025-03-04,350
O4136,C1334,R142,2025-03-04,440
O4272,C732,R183,2025-03-04,430
O4366,C1135,R238,2025-03-04,120
O1404,C1349,R205,2025-03-05,480
O1577,C1551,R132,2025-03-05,580
O1891,C619,R150,2025-03-05,700
O2524,C650,R103,2025-03-05,100
O2836,C637,R229,2025-03-05,540
O2869,C876,R205,2025-03-05,470
O3100,C504,R245,2025-03-05,400
O3484,C1661,R125,2025-03-05,420
O3839,C1525,R121,2025-03-05,220
O712,C532,R148,2025-03-06,660
O1043,C510,R235,2025-03-06,600
O1053,C1211,R236,2025-03-06,600
O1845,C308,R250,2025-03-06,880
O2718,C1283,R180,2025-03-06,1340
O3073,C1627,R107,2025-03-06,580
O3191,C921,R185,2025-03-06,310
O3756,C676,R210,2025-03-06,340
O1191,C721,R188,2025-03-07,350
O1689,C939,R104,2025-03-07,400
O2705,C1577,R250,2025-03-07,520
O2707,C555,R248,2025-03-07,890
O3034,C1456,R196,2025-03-07,1010
O3129,C500,R145,2025-03-07,190
O3588,C1505,R219,2025-03-07,960
O670,C1653,R170,2025-03-08,440
O784,C806,R186,2025-03-08,1180
O1296,C544,R212,2025-03-08,900
O1929,C1135,R141,2025-03-08,240
O2004,C944,R235,2025-03-08,620
O2564,C1211,R246,2025-03-08,550
O2886,C313,R130,2025-03-08,590
O3310,C341,R128,2025-03-08,1130
O4246,C472,R241,2025-03-08,690
O4258,C662,R138,2025-03-08,160
O4310,C884,R211,2025-03-08,1410
O597,C1445,R215,2025-03-09,800
O1099,C242,R155,2025-03-09,620
O1471,C498,R148,2025-03-09,450
O1724,C924,R202,2025-03-09,380
O1746,C792,R194,2025-03-09,210
O2450,C1562,R239,2025-03-09,870
O2763,C1659,R182,2025-03-09,600
O4093,C756,R188,2025-03-09,660
O1741,C1248,R209,2025-03-10,180
O1742,C1622,R185,2025-03-10,460
O1899,C1366,R205,2025-03-10,810
O2033,C316,R181,2025-03-10,170
O2247,C428,R158,2025-03-10,1320
O2315,C1630,R105,2025-03-10,660
O3460,C698,R198,2025-03-10,640
O3707,C1199,R101,2025-03-10,1010
O3928,C252,R201,2025-03-10,380
O680,C673,R250,2025-03-11,240
O1348,C903,R156,2025-03-11,90
O2562,C1129,R130,2025-03-11,120
O2711,C657,R103,2025-03-11,480
O2809,C1211,R102,2025-03-11,190
O3427,C861,R247,2025-03-11,980
O4158,C414,R185,2025-03-11,150
O728,C585,R246,2025-03-12,440
O783,C967,R146,2025-03-12,540
O1031,C1165,R148,2025-03-12,560
O1239,C414,R133,2025-03-12,810
O1249,C1523,R225,2025-03-12,1030
O1257,C714,R211,2025-03-12,550
O1345,C270,R125,2025-03-12,650
O2415,C820,R149,2025-03-12,480
O2646,C1227,R173,2025-03-12,200
O3283,C256,R139,2025-03-12,890
O3676,C588,R207,2025-03-12,430
O4066,C1337,R143,2025-03-12,220
O540,C391,R104,2025-03-13,470
O558,C1020,R188,2025-03-13,570
O632,C1542,R106,2025-03-13,220
O965,C1490,R102,2025-03-13,1020
O1045,C1285,R194,2025-03-13,320
O1072,C641,R125,2025-03-13,940
O1187,C493,R185,2025-03-13,610
O2083,C1181,R151,2025-03-13,560
O3767,C1356,R179,2025-03-13,280
O3897,C444,R131,2025-03-13,1550
O4056,C304,R163,2025-03-13,370
O515,C848,R110,2025-03-14,570
O765,C1025,R172,2025-03-14,560
O1264,C895,R132,2025-03-14,180
O2193,C1462,R197,2025-03-14,510
O2692,C1257,R232,2025-03-14,200
O3185,C403,R188,2025-03-14,580
O3443,C1483,R228,2025-03-14,390
O3492,C347,R235,2025-03-14,360
O3966,C1249,R175,2025-03-14,1230
O4347,C477,R153,2025-03-14,1310
O552,C809,R149,2025-03-15,390
O2153,C1332,R200,2025-03-15,500
O2190,C892,R228,2025-03-15,520
O2350,C446,R137,2025-03-15,790
O2993,C514,R129,2025-03-15,710
O3435,C1272,R218,2025-03-15,160
O3607,C1025,R173,2025-03-15,1040
O432,C292,R163,2025-03-16,370
O959,C1573,R234,2025-03-16,1400
O1175,C915,R105,2025-03-16,100
O1314,C1483,R190,2025-03-16,1120
O2273,C1640,R177,2025-03-16,1040
O2432,C1086,R104,2025-03-16,640
O4251,C1591,R239,2025-03-16,860
O640,C934,R237,2025-03-17,170
O727,C455,R249,2025-03-17,420
O1735,C466,R174,2025-03-17,1060
O2636,C838,R210,2025-03-17,960
O2756,C1651,R120,2025-03-17,900
O3062,C1140,R106,2025-03-17,160
O3602,C655,R249,2025-03-17,210
O3757,C1121,R227,2025-03-17,270
O4132,C765,R144,2025-03-17,200
O790,C1363,R132,2025-03-18,890
O1787,C664,R130,2025-03-18,120
O1849,C656,R104,2025-03-18,600
O1965,C568,R114,2025-03-18,370
O2364,C208,R158,2025-03-18,380
O3519,C292,R145,2025-03-18,400
O699,C390,R189,2025-03-19,110
O1720,C856,R143,2025-03-19,430
O1827,C393,R126,2025-03-19,220
O2135,C452,R212,2025-03-19,360
O2146,C1021,R241,2025-03-19,360
O2852,C1516,R156,2025-03-19,900
O3863,C1391,R172,2025-03-19,1300
O4005,C1278,R189,2025-03-19,310
O4138,C405,R152,2025-03-19,930
O4312,C283,R113,2025-03-19,520
O573,C852,R225,2025-03-20,340
O1444,C478,R188,2025-03-20,580
O1504,C375,R111,2025-03-20,730
O1609,C704,R156,2025-03-20,560
O1775,C930,R227,2025-03-20,210
O1792,C613,R123,2025-03-20,640
O1903,C758,R189,2025-03-20,380
O2012,C1486,R175,2025-03-20,230
O2559,C1511,R135,2025-03-20,1210
O2919,C1099,R120,2025-03-20,770
O4123,C1116,R166,2025-03-20,500
O4384,C1200,R129,2025-03-20,920
O485,C1054,R227,2025-03-21,290
O1305,C1670,R107,2025-03-21,580
O1321,C481,R239,2025-03-21,230
O1456,C1166,R203,2025-03-21,360
O1517,C881,R125,2025-03-21,400
O648,C286,R209,2025-03-22,240
O682,C1538,R154,2025-03-22,540
O1056,C898,R219,2025-03-22,1070
O1108,C1610,R105,2025-03-22,780
O1777,C464,R245,2025-03-22,420
O2151,C1425,R158,2025-03-22,1180
O2594,C680,R107,2025-03-22,1720
O2800,C516,R122,2025-03-22,150
O3701,C1124,R115,2025-03-22,340
O4321,C442,R237,2025-03-22,550
O1419,C1251,R171,2025-03-23,370
O1808,C907,R248,2025-03-23,620
O1893,C964,R186,2025-03-23,100
O1954,C1435,R188,2025-03-23,700
O1999,C942,R242,2025-03-23,350
O3278,C611,R135,2025-03-23,1050
O3331,C1012,R119,2025-03-23,450
O4329,C1185,R145,2025-03-23,180
O1177,C1459,R208,2025-03-24,420
O1778,C1634,R145,2025-03-24,230
O1802,C1235,R193,2025-03-24,650
O2318,C447,R128,2025-03-24,840
O2643,C292,R182,2025-03-24,140
O2726,C845,R129,2025-03-24,1160
O2994,C820,R220,2025-03-24,700
O3833,C223,R201,2025-03-24,220
O3892,C712,R139,2025-03-24,580
O3997,C709,R147,2025-03-24,580
O596,C245,R191,2025-03-25,330
O2180,C1070,R209,2025-03-25,520
O2208,C1103,R159,2025-03-25,410
O2515,C1595,R191,2025-03-25,890
O2608,C823,R226,2025-03-25,620
O3378,C799,R119,2025-03-25,530
O3571,C1139,R174,2025-03-25,860
O4118,C1007,R104,2025-03-25,400
O4175,C1224,R102,2025-03-25,620
O4196,C1523,R209,2025-03-25,1120
O1084,C416,R225,2025-03-26,1600
O1110,C868,R209,2025-03-26,550
O1162,C832,R126,2025-03-26,940
O1619,C1692,R134,2025-03-26,890
O1870,C853,R197,2025-03-26,350
O2493,C819,R131,2025-03-26,1410
O2846,C538,R241,2025-03-26,360
O3056,C402,R132,2025-03-26,910
O3853,C1335,R137,2025-03-26,520
O3918,C837,R138,2025-03-26,240
O439,C1581,R187,2025-03-27,1230
O803,C1257,R233,2025-03-27,680
O967,C1179,R113,2025-03-27,660
O989,C1411,R191,2025-03-27,940
O1199,C420,R150,2025-03-27,460
O1464,C870,R161,2025-03-27,90
O1482,C1130,R156,2025-03-27,90
O1866,C1546,R149,2025-03-27,260
O1982,C596,R207,2025-03-27,760
O1986,C1239,R191,2025-03-27,440
O1994,C333,R182,2025-03-27,1060
O2118,C527,R239,2025-03-27,560
O2639,C389,R145,2025-03-27,250
O2723,C1659,R140,2025-03-27,1090
O3088,C705,R151,2025-03-27,590
O3748,C719,R137,2025-03-27,520
O3814,C1538,R238,2025-03-27,1700
O484,C1212,R246,2025-03-28,1270
O723,C595,R113,2025-03-28,530
O823,C1178,R147,2025-03-28,540
O926,C203,R127,2025-03-28,370
O1064,C914,R200,2025-03-28,490
O1116,C922,R119,2025-03-28,320
O1664,C696,R233,2025-03-28,760
O1927,C795,R225,2025-03-28,1160
O2074,C224,R102,2025-03-28,270
O3044,C1680,R218,2025-03-28,160
O4266,C1391,R180,2025-03-28,790
O443,C1133,R219,2025-03-29,600
O930,C205,R116,2025-03-29,370
O1613,C755,R156,2025-03-29,820
O1663,C1433,R219,2025-03-29,690
O1915,C252,R198,2025-03-29,640
O2257,C1103,R158,2025-03-29,1250
O2282,C307,R162,2025-03-29,1090
O2330,C703,R157,2025-03-29,300
O2778,C1438,R203,2025-03-29,780
O2814,C1420,R243,2025-03-29,920
O2896,C492,R112,2025-03-29,970
O3089,C1111,R146,2025-03-29,330
O3215,C1101,R133,2025-03-29,900
O3245,C1669,R229,2025-03-29,140
O3529,C1381,R132,2025-03-29,250
O812,C1220,R243,2025-03-30,570
O918,C1648,R133,2025-03-30,970
O1507,C1106,R130,2025-03-30,1800
O1511,C1440,R191,2025-03-30,450
O1578,C1110,R210,2025-03-30,880
O1776,C354,R149,2025-03-30,520
O2220,C1624,R221,2025-03-30,590
O2557,C639,R139,2025-03-30,660
O642,C1456,R124,2025-03-31,590
O1193,C566,R124,2025-03-31,1060
O1584,C775,R163,2025-03-31,600
O3189,C498,R208,2025-03-31,190
O3477,C671,R211,2025-03-31,500
O467,C1695,R222,2025-04-01,540
O544,C1670,R127,2025-04-01,240
O3408,C244,R184,2025-04-01,1430
O3415,C941,R121,2025-04-01,380
O3990,C896,R211,2025-04-01,500
O438,C882,R152,2025-04-02,1010
O815,C1316,R232,2025-04-02,460
O871,C586,R249,2025-04-02,490
O2000,C984,R128,2025-04-02,1120
O2029,C838,R220,2025-04-02,570
O2342,C1648,R190,2025-04-02,1460
O2862,C1682,R187,2025-04-02,1510
O492,C1401,R249,2025-04-03,240
O654,C1191,R129,2025-04-03,100
O719,C271,R200,2025-04-03,560
O1473,C806,R163,2025-04-03,500
O1475,C359,R231,2025-04-03,180
O1796,C1053,R132,2025-04-03,250
O1817,C982,R229,2025-04-03,920
O2100,C1243,R177,2025-04-03,1890
O2302,C550,R110,2025-04-03,210
O3930,C1364,R209,2025-04-03,1130
O4342,C734,R170,2025-04-03,1240
O522,C318,R207,2025-04-04,410
O1359,C1203,R106,2025-04-04,530
O1763,C1138,R145,2025-04-04,540
O1810,C556,R158,2025-04-04,240
O1871,C1604,R236,2025-04-04,1360
O1985,C447,R127,2025-04-04,610
O2818,C1532,R211,2025-04-04,440
O3110,C1386,R207,2025-04-04,790
O3152,C1602,R171,2025-04-04,850
O3939,C331,R197,2025-04-04,320
O4051,C1214,R235,2025-04-04,530
O4207,C987,R123,2025-04-04,640
O4394,C799,R103,2025-04-04,740
O574,C1028,R104,2025-04-05,770
O916,C1547,R168,2025-04-05,1670
O1207,C1117,R111,2025-04-05,890
O1811,C802,R145,2025-04-05,1220
O2189,C357,R199,2025-04-05,870
O2291,C564,R217,2025-04-05,390
O2307,C1666,R200,2025-04-05,200
O2382,C1129,R115,2025-04-05,1080
O2414,C953,R101,2025-04-05,600
O2745,C1099,R227,2025-04-05,210
O2786,C337,R140,2025-04-05,560
O2857,C1403,R175,2025-04-05,870
O3041,C644,R174,2025-04-05,700
O3176,C737,R138,2025-04-05,1050
O3725,C721,R141,2025-04-05,650
O4237,C368,R230,2025-04-05,410
O1096,C685,R102,2025-04-06,180
O1683,C1403,R118,2025-04-06,320
O2059,C1361,R130,2025-04-06,1150
O2070,C1078,R169,2025-04-06,750
O2413,C1199,R149,2025-04-06,720
O2518,C719,R116,2025-04-06,650
O2719,C1024,R182,2025-04-06,840
O3111,C825,R170,2025-04-06,1340
O3869,C714,R157,2025-04-06,300
O658,C1003,R213,2025-04-07,350
O668,C1499,R118,2025-04-07,1820
O1033,C990,R165,2025-04-07,280
O1109,C387,R222,2025-04-07,180
O1171,C202,R190,2025-04-07,970
O1180,C698,R155,2025-04-07,510
O1385,C1359,R214,2025-04-07,1450
O2475,C1310,R239,2025-04-07,380
O2598,C515,R235,2025-04-07,830
O2829,C1180,R223,2025-04-07,510
O3151,C557,R215,2025-04-07,470
O3612,C779,R147,2025-04-07,330
O3825,C717,R122,2025-04-07,100
O3858,C387,R142,2025-04-07,320
O3884,C1611,R164,2025-04-07,360
O3993,C1236,R208,2025-04-07,660
O4252,C381,R248,2025-04-07,930
O1168,C1531,R162,2025-04-08,420
O1205,C1519,R187,2025-04-08,930
O1250,C1294,R237,2025-04-08,160
O3104,C917,R162,2025-04-08,1240
O3489,C631,R246,2025-04-08,460
O3736,C927,R212,2025-04-08,360
O4205,C712,R196,2025-04-08,630
O513,C1624,R240,2025-04-09,1280
O631,C577,R123,2025-04-09,670
O1258,C704,R112,2025-04-09,1210
O1714,C1013,R151,2025-04-09,160
O2109,C1571,R198,2025-04-09,480
O2262,C1006,R146,2025-04-09,300
O2277,C1593,R201,2025-04-09,620
O2631,C667,R243,2025-04-09,920
O2690,C1362,R153,2025-04-09,590
O2962,C351,R227,2025-04-09,820
O3628,C386,R123,2025-04-09,480
O3811,C498,R217,2025-04-09,420
O4236,C248,R106,2025-04-09,290
O4255,C488,R211,2025-04-09,500
O4279,C302,R156,2025-04-09,710
O4283,C1083,R217,2025-04-09,240
O4386,C1288,R103,2025-04-09,180
O488,C1514,R246,2025-04-10,180
O1071,C1426,R181,2025-04-10,510
O1750,C1596,R105,2025-04-10,410
O2196,C709,R186,2025-04-10,650
O2810,C1073,R132,2025-04-10,1520
O3921,C584,R177,2025-04-10,680
O4355,C836,R168,2025-04-10,840
O1251,C733,R148,2025-04-11,330
O1320,C1283,R223,2025-04-11,740
O1636,C416,R105,2025-04-11,100
O1690,C1554,R104,2025-04-11,370
O1983,C498,R249,2025-04-11,1330
O2984,C1253,R183,2025-04-11,820
O3022,C1659,R107,2025-04-11,1790
O3092,C1034,R132,2025-04-11,920
O3339,C1537,R249,2025-04-11,520
O3775,C514,R128,2025-04-11,250
O4027,C465,R221,2025-04-11,1020
O854,C1416,R202,2025-04-12,1500
O1442,C1176,R188,2025-04-12,580
O1704,C813,R102,2025-04-12,180
O2252,C1525,R233,2025-04-12,900
O2258,C858,R183,2025-04-12,690
O2641,C1592,R133,2025-04-12,230
O2794,C221,R177,2025-04-12,1200
O3015,C937,R110,2025-04-12,740
O3371,C1663,R124,2025-04-12,1430
O3535,C1462,R234,2025-04-12,740
O3961,C1688,R138,2025-04-12,490
O4378,C1450,R103,2025-04-12,690
O605,C402,R200,2025-04-13,130
O691,C828,R248,2025-04-13,910
O716,C980,R206,2025-04-13,230
O1091,C312,R210,2025-04-13,1310
O2274,C1081,R132,2025-04-13,180
O2875,C1608,R192,2025-04-13,420
O2922,C1372,R205,2025-04-13,120
O3456,C816,R209,2025-04-13,680
O3523,C1629,R180,2025-04-13,790
O3789,C803,R168,2025-04-13,530
O3877,C1188,R236,2025-04-13,590
O4089,C683,R221,2025-04-13,520
O4211,C911,R115,2025-04-13,340
O512,C858,R179,2025-04-14,430
O1292,C724,R223,2025-04-14,690
O1407,C754,R115,2025-04-14,520
O1431,C338,R218,2025-04-14,880
O1733,C989,R195,2025-04-14,400
O2503,C997,R246,2025-04-14,180
O2861,C1606,R208,2025-04-14,190
O3086,C478,R138,2025-04-14,440
O3333,C1208,R168,2025-04-14,720
O3398,C893,R133,2025-04-14,420
O3696,C1439,R138,2025-04-14,460
O3783,C300,R116,2025-04-14,280
O4235,C1277,R118,2025-04-14,1040
O907,C886,R152,2025-04-15,810
O1508,C1154,R178,2025-04-15,370
O2002,C741,R186,2025-04-15,520
O2240,C1193,R240,2025-04-15,390
O2465,C1622,R192,2025-04-15,810
O2494,C232,R240,2025-04-15,960
O3374,C1097,R226,2025-04-15,660
O4223,C713,R154,2025-04-15,270
O404,C1498,R221,2025-04-16,420
O480,C741,R126,2025-04-16,340
O1142,C1381,R202,2025-04-16,180
O1346,C1612,R199,2025-04-16,1020
O2254,C1404,R195,2025-04-16,930
O2949,C545,R137,2025-04-16,510
O3337,C497,R145,2025-04-16,250
O3553,C1609,R151,2025-04-16,900
O4009,C1111,R166,2025-04-16,440
O1766,C958,R161,2025-04-17,500
O445,C1247,R145,2025-04-18,470
O1073,C1224,R183,2025-04-18,220
O1669,C496,R116,2025-04-18,1300
O2183,C1283,R162,2025-04-18,360
O2606,C477,R170,2025-04-18,1040
O3547,C1546,R116,2025-04-18,510
O528,C218,R237,2025-04-19,410
O859,C737,R212,2025-04-19,760
O980,C732,R246,2025-04-19,520
O2115,C1117,R137,2025-04-19,710
O2622,C245,R106,2025-04-19,220
O3049,C254,R125,2025-04-19,480
O3115,C747,R188,2025-04-19,1000
O3548,C1033,R227,2025-04-19,290
O4325,C503,R230,2025-04-19,250
O4367,C392,R185,2025-04-19,350
O591,C569,R247,2025-04-20,180
O621,C1101,R218,2025-04-20,570
O627,C1381,R221,2025-04-20,440
O1173,C838,R249,2025-04-20,1050
O2366,C212,R107,2025-04-20,970
O2613,C1011,R201,2025-04-20,930
O2913,C1027,R175,2025-04-20,720
O3368,C1615,R106,2025-04-20,1470
O3503,C1573,R160,2025-04-20,1400
O3678,C1431,R226,2025-04-20,620
O3739,C479,R150,2025-04-20,1020
O3868,C445,R133,2025-04-20,420
O473,C952,R228,2025-04-21,280
O624,C1530,R212,2025-04-21,440
O947,C732,R120,2025-04-21,610
O949,C592,R121,2025-04-21,220
O1253,C1277,R224,2025-04-21,140
O2538,C331,R125,2025-04-21,870
O2655,C1591,R120,2025-04-21,1070
O2667,C729,R124,2025-04-21,1380
O2903,C1225,R113,2025-04-21,340
O3635,C917,R107,2025-04-21,580
O4380,C692,R131,2025-04-21,820
O842,C1329,R234,2025-04-22,930
O1188,C282,R180,2025-04-22,950
O1494,C1325,R114,2025-04-22,1110
O1642,C362,R183,2025-04-22,100
O1869,C994,R200,2025-04-22,560
O2483,C642,R119,2025-04-22,770
O3030,C1434,R190,2025-04-22,240
O3412,C1007,R249,2025-04-22,210
O3490,C1356,R102,2025-04-22,650
O3812,C975,R147,2025-04-22,180
O894,C1000,R232,2025-04-23,400
O1098,C1652,R103,2025-04-23,760
O1990,C1410,R172,2025-04-23,400
O2393,C215,R137,2025-04-23,150
O3023,C1424,R170,2025-04-23,220
O3259,C1700,R191,2025-04-23,230
O3743,C971,R176,2025-04-23,380
O477,C1307,R209,2025-04-24,600
O1104,C1219,R217,2025-04-24,210
O1749,C1095,R248,2025-04-24,780
O2488,C225,R232,2025-04-24,900
O2685,C437,R163,2025-04-24,600
O2761,C1183,R131,2025-04-24,590
O3403,C284,R222,2025-04-24,170
O3671,C405,R248,2025-04-24,1000
O3907,C1614,R215,2025-04-24,90
O4011,C871,R107,2025-04-24,1210
O4063,C702,R136,2025-04-24,850
O2094,C700,R145,2025-04-25,770
O2533,C1384,R195,2025-04-25,510
O2732,C1654,R120,2025-04-25,440
O3150,C1301,R125,2025-04-25,470
O3410,C609,R243,2025-04-25,1100
O3471,C1358,R113,2025-04-25,280
O3630,C1362,R218,2025-04-25,820
O466,C623,R172,2025-04-26,660
O697,C319,R102,2025-04-26,1170
O771,C974,R208,2025-04-26,710
O827,C499,R245,2025-04-26,680
O900,C1303,R220,2025-04-26,730
O1564,C335,R214,2025-04-26,620
O2269,C1265,R127,2025-04-26,310
O2374,C708,R121,2025-04-26,1120
O2635,C1373,R113,2025-04-26,260
O2859,C298,R155,2025-04-26,90
O2890,C323,R215,2025-04-26,450
O3285,C785,R112,2025-04-26,910
O3390,C644,R189,2025-04-26,740
O4171,C409,R172,2025-04-26,180
O1131,C1410,R130,2025-04-27,130
O2182,C1501,R201,2025-04-27,1130
O3109,C1303,R207,2025-04-27,580
O3130,C588,R108,2025-04-27,500
O3841,C703,R185,2025-04-27,690
O3987,C1425,R136,2025-04-27,190
O866,C1021,R178,2025-04-28,150
O2107,C687,R200,2025-04-28,430
O2227,C681,R107,2025-04-28,580
O2755,C530,R167,2025-04-28,930
O3583,C1365,R149,2025-04-28,780
O575,C366,R123,2025-04-29,640
O791,C1199,R228,2025-04-29,400
O850,C1409,R193,2025-04-29,1160
O974,C832,R152,2025-04-29,700
O1176,C639,R187,2025-04-29,1330
O1229,C1642,R193,2025-04-29,500
O1388,C1300,R110,2025-04-29,750
O1762,C437,R163,2025-04-29,300
O2260,C1337,R227,2025-04-29,800
O2435,C1073,R233,2025-04-29,430
O2521,C855,R169,2025-04-29,520
O2849,C330,R129,2025-04-29,920
O3517,C941,R160,2025-04-29,620
O4064,C928,R142,2025-04-29,470
O618,C221,R184,2025-04-30,580
O633,C1265,R245,2025-04-30,220
O1026,C504,R123,2025-04-30,910
O1269,C1232,R192,2025-04-30,560
O2129,C1698,R208,2025-04-30,940
O2447,C1139,R141,2025-04-30,240
O2887,C949,R125,2025-04-30,1040
O3646,C1492,R159,2025-04-30,1240
O3691,C831,R231,2025-04-30,300
O4334,C1026,R151,2025-04-30,1760
O1685,C336,R189,2025-05-01,310
O3082,C237,R166,2025-05-01,100
O3214,C1080,R204,2025-05-01,660
O3418,C1175,R123,2025-05-01,1740
O4071,C982,R153,2025-05-01,250
O676,C997,R166,2025-05-02,620
O2737,C1256,R225,2025-05-02,390
O3394,C1104,R184,2025-05-02,200
O3498,C652,R246,2025-05-02,550
O3960,C760,R128,2025-05-02,780
O4230,C1156,R160,2025-05-02,1070
O709,C1211,R181,2025-05-03,890
O922,C1334,R167,2025-05-03,850
O2218,C1433,R246,2025-05-03,440
O2961,C1345,R134,2025-05-03,560
O3360,C601,R150,2025-05-03,710
O4163,C1003,R108,2025-05-03,230
O1000,C801,R138,2025-05-04,850
O1455,C248,R163,2025-05-04,870
O1605,C1413,R105,2025-05-04,840
O1921,C1148,R108,2025-05-04,500
O1934,C1467,R146,2025-05-04,840
O3096,C232,R157,2025-05-04,950
O3977,C440,R201,2025-05-04,220
O556,C1024,R162,2025-05-05,390
O1541,C1383,R149,2025-05-05,240
O1838,C982,R225,2025-05-05,390
O2199,C1619,R231,2025-05-05,650
O3306,C1145,R232,2025-05-05,140
O3817,C604,R187,2025-05-05,580
O3924,C950,R155,2025-05-05,610
O4128,C1667,R136,2025-05-05,410
O4341,C1296,R185,2025-05-05,840
O743,C1222,R117,2025-05-06,1140
O1429,C1010,R174,2025-05-06,220
O1930,C701,R214,2025-05-06,1310
O3208,C485,R106,2025-05-06,270
O3312,C227,R193,2025-05-06,400
O3328,C710,R194,2025-05-06,650
O3770,C1313,R105,2025-05-06,900
O3952,C869,R199,2025-05-06,690
O3984,C1059,R108,2025-05-06,170
O4137,C1060,R222,2025-05-06,750
O415,C1691,R157,2025-05-07,830
O625,C642,R213,2025-05-07,330
O781,C266,R198,2025-05-07,930
O1222,C292,R124,2025-05-07,120
O1246,C277,R192,2025-05-07,480
O1542,C1658,R230,2025-05-07,90
O2436,C877,R206,2025-05-07,1030
O3597,C295,R147,2025-05-07,380
O3629,C1049,R147,2025-05-07,480
O4301,C1274,R124,2025-05-07,640
O1260,C825,R108,2025-05-08,890
O1481,C1357,R118,2025-05-08,620
O2103,C832,R177,2025-05-08,1610
O2265,C879,R117,2025-05-08,230
O2338,C1215,R201,2025-05-08,160
O3002,C1538,R169,2025-05-08,300
O3093,C589,R216,2025-05-08,310
O3690,C915,R122,2025-05-08,390
O3898,C1276,R119,2025-05-08,160
O4112,C262,R249,2025-05-08,290
O4169,C298,R210,2025-05-08,570
O1581,C719,R177,2025-05-09,1380
O2061,C538,R104,2025-05-09,600
O2368,C755,R140,2025-05-09,1000
O2378,C529,R176,2025-05-09,400
O3071,C1323,R180,2025-05-09,1790
O3793,C853,R126,2025-05-09,1000
O4249,C316,R141,2025-05-09,670
O1012,C266,R125,2025-05-10,320
O3658,C1286,R222,2025-05-10,770
O4248,C1379,R142,2025-05-10,640
O498,C1031,R105,2025-05-11,510
O754,C574,R111,2025-05-11,410
O940,C1602,R223,2025-05-11,480
O1313,C852,R243,2025-05-11,540
O1425,C1426,R120,2025-05-11,1100
O1900,C1066,R125,2025-05-11,480
O2980,C317,R117,2025-05-11,360
O4142,C1063,R203,2025-05-11,190
O1267,C228,R167,2025-05-12,120
O1353,C419,R232,2025-05-12,600
O1883,C1381,R221,2025-05-12,700
O2019,C751,R103,2025-05-12,720
O3090,C1690,R238,2025-05-12,440
O3235,C539,R116,2025-05-12,940
O4103,C566,R236,2025-05-12,890
O1102,C468,R115,2025-05-13,800
O1139,C765,R217,2025-05-13,100
O1687,C729,R237,2025-05-13,510
O2647,C1346,R101,2025-05-13,430
O2833,C261,R187,2025-05-13,360
O2978,C1073,R195,2025-05-13,1040
O4031,C1689,R122,2025-05-13,180
O4198,C1334,R164,2025-05-13,320
O981,C1167,R177,2025-05-14,1380
O1046,C495,R101,2025-05-14,940
O1570,C240,R242,2025-05-14,710
O1614,C1354,R191,2025-05-14,320
O2713,C1072,R178,2025-05-14,270
O3220,C355,R145,2025-05-14,190
O3886,C1346,R222,2025-05-14,350
O4055,C1099,R201,2025-05-14,850
O3561,C954,R209,2025-05-15,580
O4058,C1694,R175,2025-05-15,300
O4300,C535,R183,2025-05-15,1140
O4395,C1192,R250,2025-05-15,880
O1499,C565,R193,2025-05-16,330
O1647,C1475,R164,2025-05-16,1110
O2092,C855,R191,2025-05-16,880
O2688,C1466,R243,2025-05-16,460
O2879,C482,R202,2025-05-16,880
O3253,C955,R111,2025-05-16,600
O3596,C618,R213,2025-05-16,1170
O475,C1655,R224,2025-05-17,400
O792,C226,R203,2025-05-17,510
O798,C1294,R222,2025-05-17,690
O955,C1030,R185,2025-05-17,300
O1902,C1339,R211,2025-05-17,220
O1907,C719,R140,2025-05-17,680
O3025,C1699,R126,2025-05-17,1160
O3211,C904,R124,2025-05-17,900
O3254,C778,R224,2025-05-17,570
O3472,C565,R121,2025-05-17,530
O3845,C1183,R201,2025-05-17,160
O840,C866,R143,2025-05-18,710
O1280,C428,R169,2025-05-18,520
O1538,C1004,R216,2025-05-18,390
O2152,C228,R142,2025-05-18,440
O2299,C681,R132,2025-05-18,1370
O2391,C1292,R132,2025-05-18,760
O2587,C1040,R215,2025-05-18,730
O2876,C394,R235,2025-05-18,390
O673,C308,R104,2025-05-19,100
O910,C217,R209,2025-05-19,240
O1156,C1044,R131,2025-05-19,1370
O1211,C1256,R149,2025-05-19,620
O1427,C1528,R227,2025-05-19,720
O2167,C1151,R188,2025-05-19,540
O2235,C306,R207,2025-05-19,120
O2951,C758,R225,2025-05-19,980
O3009,C432,R210,2025-05-19,600
O3689,C1084,R162,2025-05-19,530
O4091,C1043,R167,2025-05-19,710
O4166,C1350,R122,2025-05-19,260
O4232,C257,R234,2025-05-19,500
O610,C757,R213,2025-05-20,940
O704,C432,R179,2025-05-20,570
O983,C491,R148,2025-05-20,1110
O1004,C942,R145,2025-05-20,120
O1386,C1031,R231,2025-05-20,350
O1445,C1124,R247,2025-05-20,700
O2687,C493,R249,2025-05-20,970
O2831,C1672,R235,2025-05-20,690
O3241,C790,R179,2025-05-20,140
O742,C1195,R180,2025-05-21,790
O1978,C1173,R155,2025-05-21,790
O2418,C1637,R150,2025-05-21,810
O2663,C1392,R158,2025-05-21,240
O3457,C559,R168,2025-05-21,240
O3599,C848,R228,2025-05-21,140
O3675,C318,R189,2025-05-21,920
O412,C1394,R135,2025-05-22,240
O1409,C1435,R224,2025-05-22,480
O1617,C1081,R214,2025-05-22,1100
O1812,C254,R219,2025-05-22,610
O1950,C876,R131,2025-05-22,1030
O2228,C1330,R144,2025-05-22,170
O3046,C1641,R117,2025-05-22,630
O3169,C1489,R130,2025-05-22,410
O3364,C1622,R117,2025-05-22,970
O3491,C886,R115,2025-05-22,310
O3726,C559,R104,2025-05-22,300
O4191,C1403,R135,2025-05-22,580
O4281,C1281,R136,2025-05-22,560
O667,C1555,R166,2025-05-23,780
O1039,C525,R187,2025-05-23,290
O2108,C1570,R218,2025-05-23,870
O2482,C323,R232,2025-05-23,820
O2731,C570,R149,2025-05-23,750
O2963,C444,R234,2025-05-23,700
O3050,C342,R168,2025-05-23,720
O3320,C387,R110,2025-05-23,350
O3644,C397,R184,2025-05-23,490
O3673,C1596,R113,2025-05-23,170
O542,C328,R227,2025-05-24,290
O1215,C210,R192,2025-05-24,1060
O1291,C348,R153,2025-05-24,340
O1503,C1192,R125,2025-05-24,490
O1941,C1469,R157,2025-05-24,650
O2513,C817,R194,2025-05-24,310
O2579,C352,R234,2025-05-24,640
O2819,C1180,R154,2025-05-24,1030
O3715,C897,R210,2025-05-24,1140
O4147,C705,R138,2025-05-24,390
O1675,C1032,R131,2025-05-25,950
O1879,C736,R124,2025-05-25,120
O2300,C1264,R224,2025-05-25,430
O2523,C778,R217,2025-05-25,990
O2625,C576,R223,2025-05-25,850
O2979,C301,R160,2025-05-25,730
O4034,C210,R126,2025-05-25,1270
O4313,C1385,R122,2025-05-25,570
O913,C1421,R137,2025-05-26,940
O3095,C1119,R179,2025-05-26,90
O3798,C1496,R217,2025-05-26,210
O4377,C738,R205,2025-05-26,1530
O738,C1176,R185,2025-05-27,1070
O1114,C1586,R125,2025-05-27,130
O1148,C555,R118,2025-05-27,460
O1150,C756,R101,2025-05-27,670
O1202,C380,R239,2025-05-27,1540
O3247,C249,R235,2025-05-27,510
O3273,C1215,R163,2025-05-27,1220
O3409,C825,R120,2025-05-27,250
O4388,C703,R154,2025-05-27,1390
O538,C552,R138,2025-05-28,330
O813,C871,R229,2025-05-28,620
O1824,C1410,R139,2025-05-28,590
O1989,C954,R210,2025-05-28,200
O2323,C1262,R198,2025-05-28,310
O3028,C311,R108,2025-05-28,1390
O4008,C555,R160,2025-05-28,610
O968,C309,R115,2025-05-29,1370
O1322,C1509,R145,2025-05-29,300
O2068,C316,R157,2025-05-29,620
O2289,C1684,R181,2025-05-29,1100
O2293,C268,R180,2025-05-29,720
O2868,C438,R250,2025-05-29,520
O3539,C1049,R128,2025-05-29,250
O4029,C347,R115,2025-05-29,910
O906,C1514,R198,2025-05-30,700
O1347,C1221,R229,2025-05-30,700
O1529,C1575,R244,2025-05-30,1630
O2619,C950,R167,2025-05-30,1030
O2842,C539,R126,2025-05-30,340
O2866,C718,R130,2025-05-30,740
O3758,C739,R186,2025-05-30,1810
O3786,C675,R167,2025-05-30,320
O3891,C514,R116,2025-05-30,570
O4130,C223,R161,2025-05-30,380
O411,C1500,R182,2025-05-31,380
O665,C295,R101,2025-05-31,230
O773,C1105,R233,2025-05-31,760
O951,C1650,R171,2025-05-31,390
O1169,C539,R185,2025-05-31,760
O1674,C474,R208,2025-05-31,310
O1820,C419,R203,2025-05-31,790
O1868,C1332,R238,2025-05-31,840
O2176,C203,R200,2025-05-31,260
O2305,C1323,R218,2025-05-31,160
O2600,C1497,R101,2025-05-31,1350
O2904,C711,R195,2025-05-31,760
O2938,C335,R170,2025-05-31,480
O3419,C277,R223,2025-05-31,420
O3865,C1175,R212,2025-05-31,360
O796,C1236,R198,2025-06-01,580
O839,C989,R229,2025-06-01,1070
O973,C1357,R153,2025-06-01,960
O1037,C700,R194,2025-06-01,750
O1307,C1187,R212,2025-06-01,1620
O1561,C1502,R166,2025-06-01,200
O1814,C607,R175,2025-06-01,480
O1831,C1329,R110,2025-06-01,180
O1874,C1101,R162,2025-06-01,1430
O1925,C1541,R239,2025-06-01,760
O2332,C1496,R238,2025-06-01,440
O2388,C1625,R203,2025-06-01,660
O2583,C1158,R149,2025-06-01,260
O3989,C1212,R185,2025-06-01,200
O4239,C1557,R210,2025-06-01,370
O510,C1435,R236,2025-06-02,710
O554,C742,R173,2025-06-02,200
O846,C1674,R215,2025-06-02,790
O1178,C1669,R242,2025-06-02,130
O1252,C573,R178,2025-06-02,730
O1363,C822,R149,2025-06-02,760
O1957,C1326,R206,2025-06-02,1030
O2141,C681,R113,2025-06-02,380
O2546,C1443,R219,2025-06-02,830
O2762,C695,R222,2025-06-02,180
O3428,C775,R183,2025-06-02,240
O3552,C593,R235,2025-06-02,480
O3749,C268,R194,2025-06-02,540
O3957,C839,R231,2025-06-02,90
O4048,C1199,R153,2025-06-02,930
O4121,C402,R189,2025-06-02,330
O4250,C1049,R132,2025-06-02,460
O569,C954,R112,2025-06-03,730
O2340,C977,R230,2025-06-03,740
O2461,C765,R226,2025-06-03,260
O3140,C1557,R138,2025-06-03,750
O3669,C1641,R114,2025-06-03,220
O3822,C671,R112,2025-06-03,300
O4038,C1587,R141,2025-06-03,980
O4094,C1508,R176,2025-06-03,360
O4097,C1116,R139,2025-06-03,110
O582,C1182,R139,2025-06-04,1540
O1449,C1494,R170,2025-06-04,120
O1842,C1343,R165,2025-06-04,1170
O2206,C375,R218,2025-06-04,570
O3234,C836,R170,2025-06-04,220
O3319,C798,R119,2025-06-04,790
O3439,C1539,R244,2025-06-04,1040
O3452,C1052,R174,2025-06-04,400
O3605,C1218,R147,2025-06-04,280
O3631,C571,R136,2025-06-04,1250
O3744,C874,R131,2025-06-04,2190
O4075,C1475,R141,2025-06-04,430
O537,C1603,R198,2025-06-05,1070
O931,C1250,R122,2025-06-05,620
O1040,C659,R176,2025-06-05,760
O1063,C1058,R192,2025-06-05,210
O1847,C1498,R158,2025-06-05,570
O1908,C931,R218,2025-06-05,460
O2957,C1027,R240,2025-06-05,470
O3226,C212,R110,2025-06-05,500
O3279,C1608,R210,2025-06-05,1680
O3526,C632,R228,2025-06-05,580
O3946,C1271,R211,2025-06-05,720
O1284,C291,R128,2025-06-06,890
O1524,C521,R168,2025-06-06,90
O1880,C227,R150,2025-06-06,540
O3290,C1307,R127,2025-06-06,630
O3528,C1113,R243,2025-06-06,1200
O3566,C1237,R248,2025-06-06,90
O3774,C1522,R192,2025-06-06,730
O3925,C1029,R113,2025-06-06,460
O4193,C1655,R115,2025-06-06,260
O458,C550,R205,2025-06-07,130
O901,C1412,R145,2025-06-07,810
O2266,C1180,R181,2025-06-07,890
O2674,C1068,R113,2025-06-07,230
O2700,C1064,R123,2025-06-07,480
O3059,C637,R237,2025-06-07,440
O3514,C301,R212,2025-06-07,420
O3608,C1454,R208,2025-06-07,390
O3692,C1370,R134,2025-06-07,750
O3764,C827,R171,2025-06-07,490
O3962,C804,R108,2025-06-07,360
O4073,C813,R157,2025-06-07,1290
O589,C1055,R101,2025-06-08,200
O643,C488,R118,2025-06-08,340
O1460,C495,R214,2025-06-08,650
O1632,C1305,R176,2025-06-08,800
O1748,C432,R110,2025-06-08,740
O1834,C1421,R130,2025-06-08,810
O1966,C270,R141,2025-06-08,520
O2038,C984,R220,2025-06-08,620
O2331,C520,R231,2025-06-08,420
O2398,C1031,R115,2025-06-08,400
O2797,C836,R159,2025-06-08,530
O3149,C1501,R172,2025-06-08,1280
O3301,C982,R195,2025-06-08,170
O3625,C572,R144,2025-06-08,2150
O3826,C844,R155,2025-06-08,530
O3912,C465,R141,2025-06-08,570
O3951,C770,R240,2025-06-08,620
O4180,C1652,R219,2025-06-08,1300
O4392,C1405,R133,2025-06-08,560
O578,C996,R199,2025-06-09,830
O583,C730,R133,2025-06-09,550
O598,C1434,R207,2025-06-09,220
O707,C1264,R165,2025-06-09,160
O1190,C1162,R184,2025-06-09,250
O1344,C262,R213,2025-06-09,1050
O1660,C915,R223,2025-06-09,160
O1702,C1625,R248,2025-06-09,420
O1799,C1000,R215,2025-06-09,320
O2749,C687,R213,2025-06-09,330
O2933,C969,R169,2025-06-09,670
O3295,C322,R197,2025-06-09,320
O3967,C757,R176,2025-06-09,970
O3972,C864,R141,2025-06-09,340
O611,C729,R184,2025-06-10,1020
O671,C451,R168,2025-06-10,240
O1550,C686,R205,2025-06-10,720
O1618,C805,R223,2025-06-10,510
O2113,C1474,R156,2025-06-10,260
O2349,C449,R163,2025-06-10,250
O3079,C701,R212,2025-06-10,420
O3614,C201,R134,2025-06-10,640
O3792,C593,R106,2025-06-10,330
O1977,C593,R202,2025-06-11,990
O2517,C1199,R135,2025-06-11,870
O3200,C578,R134,2025-06-11,690
O3698,C961,R130,2025-06-11,800
O3850,C1530,R206,2025-06-11,1250
O4294,C743,R106,2025-06-11,160
O509,C1501,R241,2025-06-12,870
O874,C905,R144,2025-06-12,480
O1744,C1091,R216,2025-06-12,530
O1865,C286,R115,2025-06-12,400
O2394,C1506,R213,2025-06-12,80
O2438,C1523,R222,2025-06-12,380
O2529,C254,R152,2025-06-12,880
O3210,C473,R139,2025-06-12,770
O3475,C1268,R179,2025-06-12,790
O3882,C1327,R247,2025-06-12,170
O4049,C1675,R138,2025-06-12,880
O715,C913,R107,2025-06-13,1890
O1050,C268,R248,2025-06-13,90
O1441,C1421,R146,2025-06-13,480
O1939,C296,R214,2025-06-13,1310
O2601,C715,R137,2025-06-13,1070
O2865,C1178,R131,2025-06-13,200
O2918,C778,R124,2025-06-13,1420
O2929,C757,R208,2025-06-13,340
O4001,C496,R156,2025-06-13,550
O766,C1505,R248,2025-06-14,820
O1089,C496,R213,2025-06-14,600
O1906,C296,R125,2025-06-14,160
O1960,C556,R119,2025-06-14,130
O2304,C1130,R205,2025-06-14,980
O2476,C1368,R217,2025-06-14,280
O3325,C851,R203,2025-06-14,360
O3393,C1028,R137,2025-06-14,660
O886,C736,R231,2025-06-15,210
O1399,C1026,R244,2025-06-15,1540
O2120,C564,R195,2025-06-15,940
O2474,C1158,R183,2025-06-15,560
O2926,C1360,R137,2025-06-15,150
O2989,C1191,R134,2025-06-15,810
O3164,C1072,R241,2025-06-15,510
O3542,C318,R243,2025-06-15,1690
O4022,C1616,R137,2025-06-15,840
O4338,C1346,R236,2025-06-15,420
O576,C1388,R174,2025-06-16,890
O911,C1264,R177,2025-06-16,340
O992,C1222,R189,2025-06-16,530
O1905,C1271,R148,2025-06-16,1200
O2526,C851,R185,2025-06-16,990
O2703,C672,R215,2025-06-16,1280
O3195,C1455,R121,2025-06-16,220
O3546,C827,R245,2025-06-16,400
O3620,C1150,R203,2025-06-16,1140
O4090,C292,R243,2025-06-16,1320
O418,C888,R209,2025-06-17,930
O463,C1633,R224,2025-06-17,340
O873,C619,R118,2025-06-17,860
O2652,C1399,R126,2025-06-17,630
O2738,C761,R211,2025-06-17,970
O2773,C539,R231,2025-06-17,460
O4074,C730,R120,2025-06-17,660
O442,C1167,R234,2025-06-18,1010
O2018,C223,R225,2025-06-18,660
O3122,C690,R221,2025-06-18,950
O3168,C1114,R225,2025-06-18,1180
O3414,C661,R249,2025-06-18,1350
O3584,C959,R128,2025-06-18,690
O3679,C1499,R208,2025-06-18,560
O3996,C1314,R183,2025-06-18,890
O4088,C443,R105,2025-06-18,610
O4131,C1529,R114,2025-06-18,570
O847,C1313,R172,2025-06-19,620
O1030,C1453,R132,2025-06-19,180
O1390,C440,R241,2025-06-19,330
O1707,C1632,R249,2025-06-19,830
O1867,C1076,R134,2025-06-19,360
O2335,C296,R214,2025-06-19,850
O3346,C874,R221,2025-06-19,850
O3703,C1122,R245,2025-06-19,170
O4095,C687,R162,2025-06-19,860
O4373,C239,R195,2025-06-19,640
O577,C307,R188,2025-06-20,850
O919,C276,R249,2025-06-20,540
O1192,C614,R214,2025-06-20,1300
O1680,C1540,R115,2025-06-20,1070
O1782,C1686,R167,2025-06-20,160
O2084,C1121,R193,2025-06-20,960
O2603,C1076,R116,2025-06-20,130
O3031,C722,R184,2025-06-20,490
O636,C1114,R230,2025-06-21,1190
O865,C337,R103,2025-06-21,500
O1274,C1294,R196,2025-06-21,1410
O1418,C831,R249,2025-06-21,1270
O2023,C305,R197,2025-06-21,210
O2090,C444,R154,2025-06-21,440
O2459,C986,R156,2025-06-21,1310
O2525,C1028,R121,2025-06-21,960
O3128,C211,R231,2025-06-21,670
O3323,C949,R209,2025-06-21,580
O3843,C1659,R231,2025-06-21,390
O4210,C1669,R117,2025-06-21,580
O804,C1243,R192,2025-06-22,770
O2157,C520,R212,2025-06-22,760
O2996,C1282,R214,2025-06-22,860
O3135,C1678,R212,2025-06-22,340
O1138,C807,R233,2025-06-23,440
O2275,C653,R234,2025-06-23,1180
O2634,C1508,R103,2025-06-23,250
O3358,C640,R188,2025-06-23,570
O3621,C619,R150,2025-06-23,250
O4140,C399,R182,2025-06-23,280
O4214,C1696,R214,2025-06-23,480
O957,C516,R181,2025-06-24,840
O1595,C1361,R158,2025-06-24,720
O1701,C847,R233,2025-06-24,1000
O2231,C691,R214,2025-06-24,830
O2820,C1176,R173,2025-06-24,240
O2844,C599,R228,2025-06-24,250
O3702,C1241,R201,2025-06-24,690
O3799,C1413,R176,2025-06-24,530
O3801,C293,R168,2025-06-24,90
O905,C1698,R165,2025-06-25,480
O1854,C1480,R234,2025-06-25,880
O1896,C571,R189,2025-06-25,580
O2114,C578,R237,2025-06-25,370
O2544,C347,R203,2025-06-25,590
O2680,C1486,R205,2025-06-25,200
O3291,C1533,R217,2025-06-25,420
O3883,C894,R159,2025-06-25,1120
O4188,C237,R147,2025-06-25,540
O4374,C1413,R231,2025-06-25,1050
O996,C345,R111,2025-06-26,460
O1592,C543,R213,2025-06-26,80
O2775,C772,R139,2025-06-26,620
O2912,C1150,R189,2025-06-26,540
O3604,C1408,R126,2025-06-26,1280
O4379,C763,R184,2025-06-26,690
O594,C1242,R108,2025-06-27,600
O1051,C584,R199,2025-06-27,670
O1836,C1145,R220,2025-06-27,600
O2554,C209,R186,2025-06-27,950
O2888,C932,R219,2025-06-27,250
O2964,C262,R206,2025-06-27,360
O3026,C1142,R117,2025-06-27,1250
O3870,C757,R220,2025-06-27,240
O493,C688,R221,2025-06-28,940
O929,C951,R155,2025-06-28,480
O1691,C1035,R219,2025-06-28,1060
O1779,C1629,R152,2025-06-28,980
O1837,C1269,R171,2025-06-28,380
O2069,C251,R223,2025-06-28,210
O3238,C567,R199,2025-06-28,380
O3557,C518,R142,2025-06-28,280
O3562,C731,R247,2025-06-28,350
O3651,C1498,R239,2025-06-28,230
O3923,C1617,R220,2025-06-28,700
O4148,C761,R229,2025-06-28,1300
O4399,C336,R116,2025-06-28,750
O416,C885,R112,2025-06-29,850
O663,C619,R231,2025-06-29,510
O786,C1161,R185,2025-06-29,1340
O1011,C510,R204,2025-06-29,570
O1015,C1272,R141,2025-06-29,350
O1224,C866,R216,2025-06-29,440
O1789,C1541,R211,2025-06-29,970
O2198,C629,R229,2025-06-29,880
O2416,C341,R239,2025-06-29,470
O2673,C626,R113,2025-06-29,420
O2854,C1213,R204,2025-06-29,520
O1100,C385,R154,2025-06-30,830
O2172,C1556,R238,2025-06-30,90
O2768,C207,R105,2025-06-30,370
O3832,C265,R215,2025-06-30,1100
O3929,C490,R233,2025-06-30,360
O3933,C545,R129,2025-06-30,670
O1590,C232,R152,2025-07-01,920
O1623,C824,R211,2025-07-01,1050
O1920,C551,R247,2025-07-01,180
O2111,C207,R154,2025-07-01,600
O2197,C907,R244,2025-07-01,1040
O2556,C1299,R183,2025-07-01,200
O2858,C1123,R175,2025-07-01,310
O3003,C451,R240,2025-07-01,1260
O3426,C1251,R159,2025-07-01,730
O3572,C498,R222,2025-07-01,390
O3864,C418,R113,2025-07-01,120
O4134,C614,R161,2025-07-01,250
O4265,C659,R160,2025-07-01,850
O4344,C1621,R163,2025-07-01,600
O706,C1037,R190,2025-07-02,100
O961,C636,R203,2025-07-02,210
O1580,C394,R132,2025-07-02,690
O1772,C1227,R156,2025-07-02,470
O2770,C845,R204,2025-07-02,230
O2803,C729,R102,2025-07-02,350
O3908,C445,R250,2025-07-02,320
O4000,C1321,R222,2025-07-02,980
O4026,C1413,R246,2025-07-02,1000
O4277,C338,R139,2025-07-02,480
O750,C1549,R150,2025-07-03,250
O976,C1697,R236,2025-07-03,160
O1317,C555,R200,2025-07-03,910
O3831,C970,R150,2025-07-03,540
O4167,C1691,R107,2025-07-03,480
O4328,C453,R242,2025-07-03,1560
O934,C561,R119,2025-07-04,580
O1327,C1339,R186,2025-07-04,530
O1815,C1550,R183,2025-07-04,330
O2644,C586,R180,2025-07-04,340
O2771,C1384,R198,2025-07-04,940
O3217,C245,R181,2025-07-04,1240
O3372,C335,R237,2025-07-04,610
O3515,C585,R132,2025-07-04,390
O3590,C1163,R199,2025-07-04,190
O3922,C359,R159,2025-07-04,360
O897,C656,R150,2025-07-05,610
O1610,C877,R165,2025-07-05,450
O2015,C554,R248,2025-07-05,800
O3119,C1561,R156,2025-07-05,2020
O3753,C403,R177,2025-07-05,880
O3762,C278,R206,2025-07-05,890
O755,C587,R169,2025-07-06,450
O966,C384,R222,2025-07-06,600
O1216,C636,R112,2025-07-06,210
O1451,C1251,R114,2025-07-06,760
O1759,C984,R172,2025-07-06,440
O3842,C475,R184,2025-07-06,980
O3876,C341,R154,2025-07-06,1030
O3914,C959,R196,2025-07-06,1520
O4274,C1312,R189,2025-07-06,380
O511,C924,R179,2025-07-07,350
O903,C1661,R136,2025-07-07,370
O2248,C979,R146,2025-07-07,450
O2744,C1293,R235,2025-07-07,360
O3219,C772,R228,2025-07-07,390
O3352,C679,R118,2025-07-07,760
O4284,C757,R116,2025-07-07,280
O4389,C1555,R196,2025-07-07,1070
O768,C491,R173,2025-07-08,360
O933,C483,R159,2025-07-08,100
O1066,C537,R233,2025-07-08,260
O1919,C1592,R188,2025-07-08,1110
O1995,C1665,R112,2025-07-08,1430
O3330,C1454,R144,2025-07-08,1290
O3494,C450,R160,2025-07-08,850
O3532,C403,R113,2025-07-08,400
O3537,C834,R156,2025-07-08,840
O3606,C465,R238,2025-07-08,240
O4152,C201,R213,2025-07-08,820
O4160,C1109,R120,2025-07-08,980
O4220,C983,R239,2025-07-08,760
O690,C211,R121,2025-07-09,560
O1583,C992,R179,2025-07-09,470
O1764,C799,R250,2025-07-09,320
O1773,C758,R247,2025-07-09,580
O3167,C220,R160,2025-07-09,1330
O3432,C229,R149,2025-07-09,240
O3804,C580,R139,2025-07-09,700
O720,C634,R150,2025-07-10,540
O899,C652,R130,2025-07-10,820
O1933,C936,R236,2025-07-10,960
O2234,C1365,R112,2025-07-10,310
O2766,C678,R240,2025-07-10,1460
O3153,C371,R236,2025-07-10,440
O3425,C294,R182,2025-07-10,440
O3827,C256,R103,2025-07-10,620
O4314,C523,R112,2025-07-10,220
O693,C853,R148,2025-07-11,1120
O1097,C1163,R127,2025-07-11,130
O1101,C264,R163,2025-07-11,500
O1157,C203,R234,2025-07-11,1420
O1972,C832,R239,2025-07-11,380
O3213,C1528,R162,2025-07-11,1120
O3881,C318,R118,2025-07-11,880
O4183,C1692,R160,2025-07-11,510
O749,C556,R175,2025-07-12,460
O1014,C1148,R173,2025-07-12,1030
O1381,C948,R122,2025-07-12,430
O1392,C583,R236,2025-07-12,660
O2954,C1666,R110,2025-07-12,530
O3760,C1326,R219,2025-07-12,220
O4057,C273,R220,2025-07-12,560
O401,C465,R118,2025-07-13,280
O1078,C1191,R221,2025-07-13,330
O1103,C1661,R150,2025-07-13,480
O1606,C583,R181,2025-07-13,550
O2552,C881,R248,2025-07-13,620
O3375,C1212,R150,2025-07-13,770
O3476,C543,R148,2025-07-13,700
O3643,C1259,R178,2025-07-13,490
O3899,C478,R138,2025-07-13,550
O4336,C1291,R147,2025-07-13,610
O405,C595,R249,2025-07-14,520
O1976,C585,R232,2025-07-14,200
O2022,C1281,R244,2025-07-14,1220
O2067,C665,R197,2025-07-14,340
O2311,C1601,R224,2025-07-14,260
O2355,C1483,R244,2025-07-14,360
O2510,C965,R214,2025-07-14,1640
O2874,C1280,R203,2025-07-14,300
O2983,C1031,R213,2025-07-14,280
O3157,C1205,R153,2025-07-14,790
O3499,C926,R198,2025-07-14,720
O3637,C393,R219,2025-07-14,1200
O4256,C1283,R218,2025-07-14,630
O4324,C994,R130,2025-07-14,540
O649,C299,R116,2025-07-15,380
O883,C292,R124,2025-07-15,1110
O1949,C1405,R145,2025-07-15,1140
O2430,C1310,R250,2025-07-15,320
O2539,C347,R239,2025-07-15,1070
O2698,C293,R152,2025-07-15,150
O2973,C359,R147,2025-07-15,330
O3289,C1621,R233,2025-07-15,210
O3391,C749,R180,2025-07-15,790
O1302,C1281,R141,2025-07-16,330
O2140,C1587,R144,2025-07-16,620
O2682,C367,R189,2025-07-16,650
O3594,C1469,R173,2025-07-16,1020
O3611,C1449,R113,2025-07-16,340
O3821,C1336,R132,2025-07-16,430
O4174,C1312,R217,2025-07-16,930
O760,C919,R106,2025-07-17,250
O986,C807,R225,2025-07-17,740
O1569,C306,R101,2025-07-17,630
O1793,C391,R165,2025-07-17,1250
O1940,C809,R158,2025-07-17,510
O2139,C1399,R227,2025-07-17,240
O3154,C383,R189,2025-07-17,760
O3598,C294,R244,2025-07-17,540
O4304,C1474,R104,2025-07-17,200
O669,C227,R138,2025-07-18,740
O921,C776,R108,2025-07-18,330
O1323,C1675,R233,2025-07-18,760
O1597,C509,R182,2025-07-18,320
O1887,C749,R148,2025-07-18,1530
O3101,C357,R132,2025-07-18,180
O3158,C801,R152,2025-07-18,350
O3512,C1652,R101,2025-07-18,860
O3540,C441,R181,2025-07-18,1030
O3587,C473,R206,2025-07-18,560
O4228,C1010,R230,2025-07-18,1270
O746,C1432,R202,2025-07-19,700
O1010,C1237,R240,2025-07-19,910
O1060,C1685,R138,2025-07-19,590
O1415,C729,R237,2025-07-19,510
O2431,C1482,R202,2025-07-19,700
O2446,C241,R175,2025-07-19,420
O2593,C413,R148,2025-07-19,340
O3134,C1221,R193,2025-07-19,930
O3230,C547,R167,2025-07-19,280
O3458,C1434,R214,2025-07-19,1450
O3525,C1442,R115,2025-07-19,740
O3624,C477,R218,2025-07-19,1030
O1794,C492,R161,2025-07-20,780
O1832,C1491,R230,2025-07-20,410
O2421,C1346,R172,2025-07-20,1680
O2661,C243,R222,2025-07-20,180
O3144,C545,R222,2025-07-20,360
O3361,C1169,R105,2025-07-20,1170
O3400,C1116,R136,2025-07-20,220
O3470,C1655,R113,2025-07-20,480
O1214,C1108,R168,2025-07-21,680
O1688,C503,R155,2025-07-21,460
O2192,C637,R170,2025-07-21,1360
O2439,C1165,R234,2025-07-21,580
O2611,C1578,R110,2025-07-21,690
O3347,C785,R239,2025-07-21,930
O3396,C1362,R224,2025-07-21,830
O3823,C539,R138,2025-07-21,240
O4208,C485,R150,2025-07-21,770
O478,C1442,R130,2025-07-22,830
O1136,C976,R242,2025-07-22,1910
O1378,C756,R217,2025-07-22,730
O1608,C1365,R132,2025-07-22,370
O1620,C268,R246,2025-07-22,810
O1639,C307,R190,2025-07-22,340
O3260,C1124,R114,2025-07-22,620
O3382,C1215,R122,2025-07-22,160
O3405,C302,R101,2025-07-22,1040
O524,C1486,R250,2025-07-23,880
O733,C602,R161,2025-07-23,550
O852,C1183,R201,2025-07-23,230
O963,C218,R163,2025-07-23,920
O1712,C1580,R161,2025-07-23,620
O2056,C907,R107,2025-07-23,970
O2161,C1568,R204,2025-07-23,280
O2301,C498,R216,2025-07-23,550
O2697,C1675,R179,2025-07-23,390
O3017,C210,R231,2025-07-23,300
O3198,C1055,R127,2025-07-23,720
O3965,C671,R143,2025-07-23,770
O4264,C523,R159,2025-07-23,1170
O545,C1450,R157,2025-07-24,640
O1262,C692,R154,2025-07-24,790
O1803,C773,R177,2025-07-24,160
O2229,C227,R108,2025-07-24,500
O2629,C672,R232,2025-07-24,440
O2747,C1050,R166,2025-07-24,280
O2752,C634,R186,2025-07-24,980
O2956,C1308,R224,2025-07-24,500
O3183,C1126,R110,2025-07-24,590
O3232,C1511,R173,2025-07-24,910
O3297,C455,R186,2025-07-24,520
O3486,C1528,R170,2025-07-24,960
O3556,C501,R178,2025-07-24,150
O3837,C726,R149,2025-07-24,770
O4218,C1089,R237,2025-07-24,360
O880,C963,R232,2025-07-25,540
O1127,C1067,R134,2025-07-25,1290
O1141,C1140,R214,2025-07-25,650
O1167,C594,R178,2025-07-25,260
O1544,C1479,R159,2025-07-25,190
O1751,C1244,R212,2025-07-25,540
O2817,C731,R171,2025-07-25,300
O3018,C799,R212,2025-07-25,1300
O3029,C218,R130,2025-07-25,680
O3067,C527,R122,2025-07-25,250
O3340,C502,R162,2025-07-25,910
O3684,C568,R146,2025-07-25,780
O3942,C521,R140,2025-07-25,590
O521,C927,R109,2025-07-26,400
O617,C1541,R198,2025-07-26,780
O818,C1536,R151,2025-07-26,170
O948,C1671,R161,2025-07-26,370
O1599,C1495,R162,2025-07-26,470
O1630,C556,R204,2025-07-26,1220
O1993,C222,R185,2025-07-26,380
O2354,C775,R205,2025-07-26,360
O2501,C1370,R242,2025-07-26,950
O2714,C803,R163,2025-07-26,670
O3551,C1168,R203,2025-07-26,290
O3803,C1529,R119,2025-07-26,480
O4079,C937,R180,2025-07-26,1340
O851,C1499,R160,2025-07-27,1610
O1204,C209,R156,2025-07-27,520
O1710,C1483,R247,2025-07-27,130
O2055,C1473,R236,2025-07-27,720
O2159,C238,R212,2025-07-27,960
O2774,C1245,R125,2025-07-27,310
O3269,C517,R158,2025-07-27,580
O3670,C1062,R223,2025-07-27,140
O4083,C1292,R135,2025-07-27,2210
O4153,C1022,R201,2025-07-27,540
O745,C1266,R101,2025-07-28,890
O1316,C1420,R113,2025-07-28,250
O1666,C1318,R236,2025-07-28,160
O2131,C1364,R194,2025-07-28,370
O2670,C1497,R234,2025-07-28,250
O2758,C857,R123,2025-07-28,410
O2824,C904,R188,2025-07-28,690
O3228,C1096,R239,2025-07-28,130
O3440,C794,R101,2025-07-28,1180
O3652,C1533,R209,2025-07-28,1540
O3805,C1299,R122,2025-07-28,560
O4202,C226,R201,2025-07-28,540
O4240,C700,R152,2025-07-28,810
O4391,C1555,R246,2025-07-28,910
O1997,C809,R195,2025-07-29,650
O2076,C791,R103,2025-07-29,920
O2491,C602,R205,2025-07-29,600
O2710,C915,R204,2025-07-29,660
O2716,C418,R183,2025-07-29,220
O2750,C427,R131,2025-07-29,1720
O3004,C1315,R225,2025-07-29,390
O3478,C534,R134,2025-07-29,230
O3723,C642,R182,2025-07-29,540
O3931,C1455,R208,2025-07-29,1590
O4120,C1341,R129,2025-07-29,910
O4303,C1102,R217,2025-07-29,600
O672,C882,R194,2025-07-30,510
O1340,C868,R104,2025-07-30,270
O1721,C310,R225,2025-07-30,740
O2715,C838,R233,2025-07-30,550
O3645,C859,R233,2025-07-30,540
O3807,C1594,R201,2025-07-30,160
O3848,C469,R128,2025-07-30,320
O565,C891,R127,2025-07-31,700
O1646,C379,R104,2025-07-31,270
O2813,C1547,R137,2025-07-31,620
O2826,C602,R248,2025-07-31,1150
O4238,C1115,R121,2025-07-31,1230
O4307,C1001,R217,2025-07-31,490
O4308,C819,R182,2025-07-31,280
O465,C1222,R182,2025-08-01,280
O566,C1596,R163,2025-08-01,800
O780,C314,R123,2025-08-01,990
O1122,C936,R165,2025-08-01,390
O1285,C1681,R180,2025-08-01,860
O1287,C1620,R101,2025-08-01,530
O1361,C1632,R223,2025-08-01,320
O1401,C1142,R188,2025-08-01,1200
O1684,C573,R156,2025-08-01,790
O1726,C435,R107,2025-08-01,1120
O2045,C486,R155,2025-08-01,530
O2385,C356,R219,2025-08-01,690
O2729,C1155,R129,2025-08-01,1020
O2789,C1263,R139,2025-08-01,810
O2850,C1397,R217,2025-08-01,420
O3155,C509,R240,2025-08-01,1180
O3573,C775,R236,2025-08-01,550
O952,C734,R228,2025-08-02,860
O953,C600,R233,2025-08-02,350
O1094,C646,R116,2025-08-02,760
O1255,C543,R236,2025-08-02,980
O2177,C1105,R110,2025-08-02,790
O2609,C215,R179,2025-08-02,90
O3142,C906,R153,2025-08-02,250
O3193,C1532,R242,2025-08-02,460
O3266,C551,R250,2025-08-02,840
O3305,C1272,R146,2025-08-02,280
O3334,C1182,R163,2025-08-02,800
O3447,C1067,R188,2025-08-02,310
O4273,C269,R229,2025-08-02,790
O797,C1533,R228,2025-08-03,540
O1125,C1372,R129,2025-08-03,300
O1821,C922,R150,2025-08-03,340
O2168,C584,R163,2025-08-03,550
O2406,C1399,R126,2025-08-03,110
O2681,C494,R186,2025-08-03,430
O3118,C276,R146,2025-08-03,360
O3203,C1059,R211,2025-08-03,250
O3617,C633,R236,2025-08-03,880
O3800,C552,R206,2025-08-03,230
O3954,C1450,R201,2025-08-03,870
O409,C744,R236,2025-08-04,930
O1389,C662,R209,2025-08-04,720
O1602,C858,R141,2025-08-04,810
O1855,C1502,R110,2025-08-04,740
O2185,C232,R245,2025-08-04,110
O3172,C1527,R154,2025-08-04,600
O3469,C707,R131,2025-08-04,980
O1667,C213,R102,2025-08-05,380
O1804,C1203,R109,2025-08-05,720
O1856,C398,R175,2025-08-05,1050
O1971,C1389,R176,2025-08-05,990
O2530,C278,R110,2025-08-05,570
O2805,C435,R240,2025-08-05,630
O3293,C1613,R167,2025-08-05,400
O3373,C1029,R218,2025-08-05,520
O3761,C921,R165,2025-08-05,450
O410,C1463,R114,2025-08-06,1250
O978,C1101,R159,2025-08-06,630
O1576,C637,R109,2025-08-06,940
O2853,C1078,R188,2025-08-06,920
O3322,C829,R194,2025-08-06,410
O3976,C1326,R113,2025-08-06,670
O4016,C300,R113,2025-08-06,170
O4290,C335,R181,2025-08-06,1190
O629,C1587,R243,2025-08-07,200
O660,C1421,R180,2025-08-07,1850
O734,C278,R154,2025-08-07,1090
O1081,C1243,R172,2025-08-07,200
O1637,C373,R165,2025-08-07,810
O1953,C1389,R107,2025-08-07,1390
O2838,C238,R169,2025-08-07,300
O3040,C950,R218,2025-08-07,620
O3531,C1230,R216,2025-08-07,930
O3581,C445,R173,2025-08-07,1240
O4047,C1671,R232,2025-08-07,540
O501,C667,R201,2025-08-08,1060
O604,C1295,R211,2025-08-08,830
O945,C700,R134,2025-08-08,520
O1878,C1220,R111,2025-08-08,600
O2309,C1031,R105,2025-08-08,980
O2830,C797,R237,2025-08-08,490
O3055,C1631,R153,2025-08-08,630
O3280,C353,R196,2025-08-08,120
O3380,C618,R232,2025-08-08,220
O892,C1165,R199,2025-08-09,570
O969,C719,R103,2025-08-09,360
O1398,C896,R148,2025-08-09,840
O3187,C971,R126,2025-08-09,400
O3377,C418,R235,2025-08-09,540
O3999,C1065,R107,2025-08-09,680
O1433,C1629,R134,2025-08-10,840
O1818,C318,R174,2025-08-10,560
O1857,C1019,R215,2025-08-10,530
O1961,C1580,R116,2025-08-10,280
O2091,C524,R248,2025-08-10,620
O2128,C974,R246,2025-08-10,370
O2179,C319,R227,2025-08-10,880
O2588,C229,R142,2025-08-10,440
O3037,C688,R176,2025-08-10,570
O3332,C1147,R115,2025-08-10,400
O548,C1675,R217,2025-08-11,960
O1126,C1174,R119,2025-08-11,420
O1700,C962,R246,2025-08-11,1090
O2288,C1211,R189,2025-08-11,110
O2428,C810,R156,2025-08-11,600
O2945,C254,R206,2025-08-11,500
O3367,C1162,R219,2025-08-11,1040
O4368,C505,R219,2025-08-11,320
O1301,C624,R234,2025-08-12,250
O1770,C679,R210,2025-08-12,370
O2122,C1527,R125,2025-08-12,370
O2136,C1177,R212,2025-08-12,760
O4033,C247,R137,2025-08-12,710
O4212,C1644,R135,2025-08-12,830
O4331,C693,R235,2025-08-12,790
O4362,C585,R155,2025-08-12,410
O795,C938,R110,2025-08-13,360
O1070,C557,R198,2025-08-13,590
O1226,C1226,R104,2025-08-13,370
O1336,C1288,R137,2025-08-13,400
O2195,C680,R242,2025-08-13,1180
O2576,C1035,R135,2025-08-13,440
O2720,C808,R162,2025-08-13,1110
O3356,C720,R231,2025-08-13,370
O3862,C715,R189,2025-08-13,110
O3968,C1234,R241,2025-08-13,720
O1621,C726,R194,2025-08-14,320
O1641,C1646,R137,2025-08-14,550
O2585,C1291,R118,2025-08-14,960
O3099,C722,R106,2025-08-14,710
O3248,C429,R195,2025-08-14,1280
O3713,C1121,R230,2025-08-14,1280
O460,C625,R127,2025-08-15,410
O1369,C845,R201,2025-08-15,460
O1737,C1501,R192,2025-08-15,530
O2303,C332,R216,2025-08-15,910
O2553,C359,R196,2025-08-15,120
O3035,C1584,R209,2025-08-15,1300
O3920,C504,R186,2025-08-15,1260
O452,C768,R231,2025-08-16,560
O1297,C1624,R133,2025-08-16,230
O1372,C312,R211,2025-08-16,1240
O1904,C518,R157,2025-08-16,680
O2343,C1485,R191,2025-08-16,940
O2618,C1003,R172,2025-08-16,240
O2777,C1124,R119,2025-08-16,580
O3178,C202,R204,2025-08-16,140
O3595,C312,R157,2025-08-16,830
O3838,C863,R161,2025-08-16,350
O3875,C1236,R121,2025-08-16,1030
O4119,C397,R109,2025-08-16,730
O587,C412,R173,2025-08-17,400
O1437,C545,R221,2025-08-17,700
O1463,C201,R127,2025-08-17,470
O1917,C739,R197,2025-08-17,390
O2638,C889,R207,2025-08-17,380
O3202,C321,R172,2025-08-17,220
O3978,C1063,R107,2025-08-17,580
O3979,C446,R179,2025-08-17,690
O4276,C1173,R198,2025-08-17,850
O718,C1282,R112,2025-08-18,700
O801,C1129,R179,2025-08-18,340
O2535,C303,R126,2025-08-18,610
O3006,C1678,R175,2025-08-18,100
O3076,C315,R129,2025-08-18,680
O3497,C1258,R189,2025-08-18,1080
O4053,C1235,R250,2025-08-18,640
O1013,C1448,R211,2025-08-19,720
O1023,C815,R132,2025-08-19,300
O1049,C781,R233,2025-08-19,800
O1079,C821,R219,2025-08-19,1090
O1360,C454,R189,2025-08-19,420
O2272,C731,R221,2025-08-19,170
O3016,C551,R227,2025-08-19,580
O3626,C655,R122,2025-08-19,640
O3953,C1419,R206,2025-08-19,690
O4365,C571,R218,2025-08-19,520
O4390,C1246,R225,2025-08-19,710
O1212,C1264,R240,2025-08-20,870
O1586,C1095,R153,2025-08-20,250
O1622,C1628,R102,2025-08-20,420
O2041,C1316,R235,2025-08-20,140
O2860,C1609,R149,2025-08-20,770
O3000,C1536,R246,2025-08-20,180
O3052,C1069,R114,2025-08-20,360
O3705,C948,R130,2025-08-20,1050
O3885,C1132,R136,2025-08-20,760
O4382,C775,R123,2025-08-20,780
O559,C789,R114,2025-08-21,600
O651,C397,R167,2025-08-21,120
O759,C1016,R138,2025-08-21,150
O1217,C1363,R240,2025-08-21,1190
O3653,C633,R222,2025-08-21,520
O1115,C704,R161,2025-08-22,910
O1289,C550,R235,2025-08-22,220
O1833,C697,R219,2025-08-22,560
O1852,C1462,R209,2025-08-22,580
O2042,C1519,R179,2025-08-22,640
O2064,C1668,R244,2025-08-22,1270
O2497,C780,R245,2025-08-22,110
O3638,C1553,R231,2025-08-22,460
O3665,C802,R244,2025-08-22,540
O4113,C1206,R104,2025-08-22,200
O4192,C833,R127,2025-08-22,650
O519,C671,R235,2025-08-23,690
O630,C528,R152,2025-08-23,360
O1350,C532,R247,2025-08-23,200
O1370,C681,R173,2025-08-23,240
O1501,C1523,R205,2025-08-23,260
O1747,C1364,R199,2025-08-23,1420
O1754,C588,R198,2025-08-23,590
O2181,C1023,R237,2025-08-23,280
O2271,C1158,R242,2025-08-23,830
O2536,C234,R207,2025-08-23,550
O4352,C1126,R224,2025-08-23,490
O674,C1415,R198,2025-08-24,160
O863,C1395,R241,2025-08-24,1020
O1241,C927,R191,2025-08-24,210
O1783,C1052,R138,2025-08-24,410
O2626,C1149,R113,2025-08-24,140
O2679,C778,R150,2025-08-24,110
O4023,C451,R198,2025-08-24,960
O4285,C731,R121,2025-08-24,1230
O1083,C741,R222,2025-08-25,930
O1152,C1102,R177,2025-08-25,230
O1240,C1327,R244,2025-08-25,720
O1495,C1273,R200,2025-08-25,500
O2044,C690,R129,2025-08-25,920
O2078,C569,R102,2025-08-25,430
O2499,C283,R112,2025-08-25,480
O2540,C353,R115,2025-08-25,610
O2568,C299,R223,2025-08-25,880
O2776,C1658,R103,2025-08-25,940
O2970,C1563,R123,2025-08-25,1120
O3949,C774,R106,2025-08-25,460
O819,C1001,R204,2025-08-26,520
O1228,C607,R134,2025-08-26,480
O1263,C312,R126,2025-08-26,890
O1615,C1150,R154,2025-08-26,600
O2577,C1207,R217,2025-08-26,210
O1478,C693,R221,2025-08-27,780
O1813,C845,R206,2025-08-27,760
O2050,C370,R114,2025-08-27,1360
O2456,C1359,R248,2025-08-27,1480
O3389,C872,R249,2025-08-27,850
O3642,C841,R205,2025-08-27,540
O4267,C252,R181,2025-08-27,1100
O406,C425,R112,2025-08-28,1020
O494,C495,R130,2025-08-28,270
O652,C1690,R211,2025-08-28,220
O714,C509,R212,2025-08-28,1280
O793,C1636,R122,2025-08-28,480
O979,C510,R239,2025-08-28,610
O1545,C1178,R214,2025-08-28,750
O2751,C831,R196,2025-08-28,280
O3336,C1006,R155,2025-08-28,180
O3379,C1527,R114,2025-08-28,180
O3509,C722,R220,2025-08-28,1280
O4243,C1386,R122,2025-08-28,560
O4315,C256,R243,2025-08-28,260
O464,C1382,R158,2025-08-29,840
O626,C764,R140,2025-08-29,660
O1164,C1484,R218,2025-08-29,540
O2612,C1207,R207,2025-08-29,250
O3806,C844,R238,2025-08-29,910
O3809,C767,R198,2025-08-29,720
O888,C1638,R172,2025-08-30,360
O1213,C1529,R218,2025-08-30,1050
O1400,C1507,R234,2025-08-30,900
O1877,C1011,R171,2025-08-30,930
O1914,C427,R124,2025-08-30,260
O2442,C1092,R197,2025-08-30,580
O2591,C1654,R106,2025-08-30,550
O2693,C879,R111,2025-08-30,630
O3473,C973,R140,2025-08-30,480
O3693,C1658,R126,2025-08-30,480
O3981,C373,R176,2025-08-30,990
O436,C415,R193,2025-08-31,890
O935,C382,R118,2025-08-31,160
O2909,C651,R117,2025-08-31,1380
O4213,C260,R140,2025-08-31,350
O4222,C393,R185,2025-08-31,990
O4357,C1395,R185,2025-08-31,1370
O413,C451,R147,2025-09-01,250
O584,C1114,R109,2025-09-01,760
O1740,C1633,R177,2025-09-01,780
O1797,C1232,R143,2025-09-01,760
O3019,C774,R121,2025-09-01,290
O3448,C261,R196,2025-09-01,970
O3718,C813,R199,2025-09-01,440
O3737,C1541,R202,2025-09-01,680
O586,C1166,R148,2025-09-02,1400
O1582,C1553,R182,2025-09-02,440
O1681,C842,R206,2025-09-02,800
O2440,C1223,R169,2025-09-02,1650
O2580,C727,R189,2025-09-02,690
O2754,C1041,R221,2025-09-02,870
O2760,C552,R225,2025-09-02,1910
O2924,C1689,R177,2025-09-02,940
O3098,C1466,R197,2025-09-02,580
O3575,C1569,R193,2025-09-02,360
O3936,C212,R174,2025-09-02,90
O4135,C381,R143,2025-09-02,590
O4141,C206,R184,2025-09-02,670
O4292,C511,R154,2025-09-02,1370
O419,C729,R171,2025-09-03,800
O869,C872,R224,2025-09-03,220
O1067,C419,R113,2025-09-03,1050
O1565,C1082,R145,2025-09-03,680
O2360,C281,R114,2025-09-03,640
O2565,C1341,R160,2025-09-03,1100
O423,C411,R122,2025-09-04,240
O747,C1168,R148,2025-09-04,1300
O1223,C1010,R188,2025-09-04,1030
O1554,C607,R240,2025-09-04,630
O1591,C1181,R108,2025-09-04,400
O1795,C1000,R148,2025-09-04,220
O2815,C409,R142,2025-09-04,510
O3091,C734,R115,2025-09-04,510
O3318,C1337,R113,2025-09-04,340
O3446,C1177,R240,2025-09-04,460
O3654,C1159,R220,2025-09-04,490
O3995,C867,R195,2025-09-04,880
O4339,C1580,R156,2025-09-04,1360
O725,C917,R185,2025-09-05,580
O777,C1361,R128,2025-09-05,910
O1153,C1599,R205,2025-09-05,380
O1225,C1485,R239,2025-09-05,510
O1984,C904,R174,2025-09-05,590
O2341,C1332,R153,2025-09-05,390
O2498,C326,R139,2025-09-05,80
O2748,C633,R191,2025-09-05,170
O2765,C461,R211,2025-09-05,470
O2906,C1231,R119,2025-09-05,500
O3173,C964,R235,2025-09-05,830
O3342,C779,R234,2025-09-05,430
O3544,C385,R196,2025-09-05,1810
O3719,C957,R129,2025-09-05,680
O1682,C464,R212,2025-09-06,760
O2987,C623,R232,2025-09-06,640
O3258,C1372,R143,2025-09-06,430
O3527,C1181,R228,2025-09-06,470
O3955,C1562,R231,2025-09-06,1120
O4114,C781,R134,2025-09-06,180
O646,C912,R121,2025-09-07,950
O787,C1498,R138,2025-09-07,890
O848,C216,R101,2025-09-07,200
O1413,C1482,R188,2025-09-07,580
O1926,C787,R123,2025-09-07,110
O1947,C998,R247,2025-09-07,340
O3852,C907,R149,2025-09-07,630
O4106,C614,R125,2025-09-07,330
O844,C1390,R191,2025-09-08,440
O853,C533,R130,2025-09-08,740
O1306,C916,R143,2025-09-08,1170
O1349,C832,R137,2025-09-08,510
O1819,C944,R196,2025-09-08,630
O1863,C1364,R130,2025-09-08,1190
O2216,C1534,R242,2025-09-08,1430
O2614,C665,R199,2025-09-08,220
O2712,C1101,R231,2025-09-08,720
O3021,C377,R185,2025-09-08,150
O3574,C1519,R126,2025-09-08,920
O1077,C932,R103,2025-09-09,360
O1304,C874,R211,2025-09-09,250
O1676,C885,R161,2025-09-09,380
O2502,C468,R214,2025-09-09,910
O2988,C930,R198,2025-09-09,640
O3077,C1170,R181,2025-09-09,380
O3423,C1360,R111,2025-09-09,830
O3555,C1265,R223,2025-09-09,690
O650,C426,R136,2025-09-10,760
O700,C1167,R245,2025-09-10,550
O1209,C1245,R233,2025-09-10,670
O1534,C521,R227,2025-09-10,1090
O1931,C567,R108,2025-09-10,900
O2071,C1569,R125,2025-09-10,130
O2348,C1335,R138,2025-09-10,260
O2365,C1238,R202,2025-09-10,860
O2733,C1436,R248,2025-09-10,840
O2884,C1186,R184,2025-09-10,920
O2943,C466,R226,2025-09-10,620
O3513,C672,R202,2025-09-10,1060
O3874,C692,R191,2025-09-10,1080
O1523,C651,R149,2025-09-11,260
O1945,C838,R113,2025-09-11,780
O2370,C1153,R220,2025-09-11,380
O2555,C613,R135,2025-09-11,1400
O3120,C1528,R237,2025-09-11,210
O3859,C832,R154,2025-09-11,290
O4020,C886,R128,2025-09-11,420
O614,C1409,R113,2025-09-12,450
O954,C913,R195,2025-09-12,870
O971,C834,R141,2025-09-12,240
O1552,C1019,R167,2025-09-12,160
O2054,C1636,R163,2025-09-12,370
O2065,C1019,R137,2025-09-12,1100
O3292,C1232,R203,2025-09-12,1100
O3485,C816,R148,2025-09-12,1440
O3731,C517,R195,2025-09-12,640
O4082,C1118,R179,2025-09-12,650
O579,C224,R164,2025-09-13,480
O774,C417,R247,2025-09-13,520
O845,C243,R109,2025-09-13,940
O1531,C863,R188,2025-09-13,540
O1573,C1047,R232,2025-09-13,980
O2621,C220,R111,2025-09-13,210
O3054,C1521,R128,2025-09-13,940
O3788,C1439,R171,2025-09-13,620
O4278,C953,R180,2025-09-13,480
O4369,C1562,R231,2025-09-13,570
O757,C520,R150,2025-09-14,360
O1009,C786,R109,2025-09-14,340
O1016,C830,R140,2025-09-14,160
O1082,C1145,R171,2025-09-14,140
O1201,C418,R209,2025-09-14,820
O1331,C1176,R237,2025-09-14,490
O1461,C278,R214,2025-09-14,1330
O1713,C928,R139,2025-09-14,800
O2112,C1664,R168,2025-09-14,1260
O2746,C1389,R158,2025-09-14,640
O2843,C1560,R250,2025-09-14,480
O2920,C1546,R225,2025-09-14,810
O572,C445,R204,2025-09-15,530
O834,C732,R114,2025-09-15,180
O1047,C743,R103,2025-09-15,480
O1299,C413,R114,2025-09-15,560
O1357,C573,R249,2025-09-15,710
O1970,C1681,R209,2025-09-15,630
O2404,C1538,R220,2025-09-15,1440
O2551,C364,R181,2025-09-15,840
O2589,C985,R216,2025-09-15,840
O3146,C836,R121,2025-09-15,540
O3828,C522,R130,2025-09-15,460
O825,C478,R246,2025-09-16,550
O984,C1667,R174,2025-09-16,780
O1166,C885,R194,2025-09-16,640
O1261,C1239,R120,2025-09-16,400
O1645,C742,R110,2025-09-16,370
O1761,C1310,R233,2025-09-16,260
O2664,C1445,R247,2025-09-16,370
O3231,C1338,R173,2025-09-16,740
O3727,C256,R134,2025-09-16,520
O4044,C1487,R241,2025-09-16,510
O4062,C515,R241,2025-09-16,180
O705,C769,R243,2025-09-17,1480
O1059,C697,R164,2025-09-17,480
O1198,C1072,R198,2025-09-17,740
O1859,C1272,R146,2025-09-17,90
O2296,C297,R133,2025-09-17,1070
O2873,C1590,R239,2025-09-17,1600
O3315,C1076,R196,2025-09-17,370
O3436,C395,R109,2025-09-17,610
O3779,C1529,R134,2025-09-17,730
O3974,C371,R180,2025-09-17,990
O4092,C1326,R229,2025-09-17,620
O607,C735,R207,2025-09-18,540
O635,C1165,R249,2025-09-18,570
O647,C1632,R139,2025-09-18,80
O655,C410,R209,2025-09-18,420
O762,C257,R230,2025-09-18,890
O867,C497,R192,2025-09-18,1190
O2324,C657,R169,2025-09-18,140
O2424,C878,R158,2025-09-18,650
O2995,C1485,R106,2025-09-18,710
O3680,C732,R248,2025-09-18,510
O3917,C553,R242,2025-09-18,840
O3982,C283,R148,2025-09-18,990
O3985,C1312,R211,2025-09-18,750
O4107,C998,R228,2025-09-18,540
O688,C717,R225,2025-09-19,320
O767,C1579,R202,2025-09-19,700
O1020,C925,R203,2025-09-19,1140
O1996,C1060,R226,2025-09-19,1020
O2264,C622,R239,2025-09-19,610
O2932,C1210,R163,2025-09-19,1150
O2992,C526,R218,2025-09-19,1140
O437,C1422,R222,2025-09-20,350
O457,C623,R173,2025-09-20,1050
O1732,C500,R203,2025-09-20,740
O2345,C1525,R219,2025-09-20,1060
O2443,C1069,R250,2025-09-20,160
O2563,C1029,R171,2025-09-20,1020
O3507,C1197,R242,2025-09-20,830
O3634,C776,R164,2025-09-20,250
O3688,C598,R177,2025-09-20,1510
O3847,C470,R175,2025-09-20,1280
O3902,C990,R132,2025-09-20,90
O3937,C788,R122,2025-09-20,150
O4305,C1054,R225,2025-09-20,1550
O748,C813,R160,2025-09-21,1160
O1135,C667,R190,2025-09-21,910
O1328,C765,R190,2025-09-21,760
O1521,C947,R249,2025-09-21,260
O1526,C1302,R239,2025-09-21,470
O2156,C1655,R196,2025-09-21,580
O2623,C905,R152,2025-09-21,1430
O2642,C859,R164,2025-09-21,230
O2811,C1082,R212,2025-09-21,420
O3522,C1319,R121,2025-09-21,1380
O551,C436,R127,2025-09-22,1110
O993,C1242,R219,2025-09-22,530
O1367,C1096,R237,2025-09-22,670
O2460,C287,R149,2025-09-22,480
O2907,C1509,R161,2025-09-22,310
O3094,C707,R179,2025-09-22,430
O3194,C1370,R158,2025-09-22,760
O4179,C1412,R222,2025-09-22,560
O4270,C1480,R101,2025-09-22,230
O615,C1350,R109,2025-09-23,340
O639,C458,R146,2025-09-23,360
O1364,C534,R182,2025-09-23,380
O2485,C1130,R170,2025-09-23,600
O3242,C878,R167,2025-09-23,120
O3730,C444,R229,2025-09-23,830
O4227,C746,R116,2025-09-23,470
O4231,C244,R164,2025-09-23,230
O1282,C1353,R163,2025-09-24,370
O1572,C1073,R161,2025-09-24,1010
O1631,C888,R158,2025-09-24,650
O2386,C1097,R235,2025-09-24,650
O3084,C765,R110,2025-09-24,570
O3341,C458,R120,2025-09-24,190
O3383,C444,R169,2025-09-24,150
O3388,C348,R120,2025-09-24,720
O4054,C829,R109,2025-09-24,620
O4185,C1496,R201,2025-09-24,600
O4385,C906,R201,2025-09-24,220
O860,C1516,R132,2025-09-25,200
O1121,C374,R198,2025-09-25,1260
O2222,C772,R249,2025-09-25,1310
O2236,C363,R162,2025-09-25,390
O2426,C1310,R141,2025-09-25,440
O2928,C795,R196,2025-09-25,890
O3206,C1233,R169,2025-09-25,740
O3262,C640,R170,2025-09-25,940
O4154,C1012,R217,2025-09-25,310
O4157,C1616,R225,2025-09-25,390
O489,C1176,R229,2025-09-26,910
O927,C235,R221,2025-09-26,530
O2127,C1163,R241,2025-09-26,1020
O3074,C366,R193,2025-09-26,360
O3782,C1356,R214,2025-09-26,620
O3855,C757,R229,2025-09-26,1050
O454,C383,R206,2025-09-27,900
O810,C615,R172,2025-09-27,240
O895,C1496,R182,2025-09-27,460
O2270,C986,R143,2025-09-27,1010
O2325,C1691,R215,2025-09-27,180
O2717,C1475,R143,2025-09-27,1290
O3353,C1172,R239,2025-09-27,850
O4396,C606,R232,2025-09-27,360
O1230,C1205,R233,2025-09-28,660
O1928,C680,R128,2025-09-28,1010
O2863,C542,R232,2025-09-28,300
O3114,C1669,R146,2025-09-28,850
O3199,C350,R238,2025-09-28,710
O3466,C855,R224,2025-09-28,920
O3615,C427,R104,2025-09-28,400
O3623,C529,R132,2025-09-28,180
O3909,C664,R224,2025-09-28,740
O4268,C1297,R120,2025-09-28,400
O4298,C377,R175,2025-09-28,700
O4393,C1300,R110,2025-09-28,830
O447,C1556,R190,2025-09-29,450
O960,C1544,R247,2025-09-29,760
O999,C819,R205,2025-09-29,250
O1189,C1128,R138,2025-09-29,840
O1739,C228,R186,2025-09-29,620
O1781,C288,R211,2025-09-29,470
O2558,C1177,R183,2025-09-29,220
O3045,C572,R185,2025-09-29,610
O3240,C677,R184,2025-09-29,2140
O3516,C865,R162,2025-09-29,490
O1295,C1503,R114,2025-09-30,640
O1822,C1109,R201,2025-09-30,390
O2021,C828,R116,2025-09-30,380
O2058,C1471,R131,2025-09-30,2030
O2379,C288,R225,2025-09-30,1080
O3795,C1198,R238,2025-09-30,510
O3940,C890,R213,2025-09-30,630
O4078,C1067,R247,2025-09-30,140
O4116,C643,R136,2025-09-30,870
O4173,C1673,R211,2025-09-30,750
O1841,C767,R163,2025-10-01,1220
O2142,C1600,R195,2025-10-01,290
O2659,C1276,R161,2025-10-01,310
O2847,C956,R140,2025-10-01,240
O2870,C1431,R207,2025-10-01,520
O3162,C497,R208,2025-10-01,300
O3274,C1007,R107,2025-10-01,460
O3431,C1141,R149,2025-10-01,380
O4254,C1447,R194,2025-10-01,420
O455,C1153,R151,2025-10-02,160
O482,C342,R200,2025-10-02,300
O998,C728,R192,2025-10-02,840
O1293,C1353,R227,2025-10-02,1170
O1518,C296,R200,2025-10-02,130
O1648,C1422,R106,2025-10-02,640
O1890,C384,R150,2025-10-02,1000
O1924,C1357,R238,2025-10-02,630
O2463,C1136,R216,2025-10-02,480
O2897,C1542,R136,2025-10-02,220
O3708,C759,R130,2025-10-02,1280
O4161,C1355,R154,2025-10-02,730
O4282,C557,R214,2025-10-02,1240
O490,C1625,R177,2025-10-03,780
O1368,C1461,R179,2025-10-03,640
O1509,C1564,R212,2025-10-03,880
O1563,C587,R235,2025-10-03,330
O1765,C670,R248,2025-10-03,1110
O2492,C1664,R121,2025-10-03,1240
O2527,C216,R203,2025-10-03,520
O2925,C695,R139,2025-10-03,660
O3971,C252,R246,2025-10-03,170
O4018,C666,R102,2025-10-03,660
O841,C895,R123,2025-10-04,760
O917,C1341,R131,2025-10-04,1600
O1105,C1433,R177,2025-10-04,1400
O1271,C251,R113,2025-10-04,1280
O1598,C316,R218,2025-10-04,550
O2006,C1646,R174,2025-10-04,400
O2816,C622,R177,2025-10-04,1990
O3600,C372,R228,2025-10-04,140
O3742,C382,R137,2025-10-04,1250
O3763,C1604,R216,2025-10-04,900
O4156,C442,R175,2025-10-04,860
O661,C1483,R138,2025-10-05,520
O950,C314,R237,2025-10-05,280
O1006,C389,R176,2025-10-05,690
O2133,C797,R237,2025-10-05,410
O2255,C218,R217,2025-10-05,280
O2788,C677,R207,2025-10-05,360
O3087,C747,R234,2025-10-05,820
O3133,C492,R226,2025-10-05,760
O3156,C539,R198,2025-10-05,430
O3695,C1644,R102,2025-10-05,390
O3857,C1136,R129,2025-10-05,1970
O2052,C1023,R183,2025-10-06,240
O2344,C586,R181,2025-10-06,670
O2427,C1501,R215,2025-10-06,600
O2560,C297,R216,2025-10-06,830
O2701,C481,R151,2025-10-06,1630
O3020,C1414,R199,2025-10-06,760
O3069,C232,R228,2025-10-06,590
O3468,C1189,R154,2025-10-06,940
O3483,C1426,R124,2025-10-06,380
O4068,C1691,R201,2025-10-06,700
O4109,C838,R126,2025-10-06,550
O4111,C564,R154,2025-10-06,370
O549,C1311,R231,2025-10-07,720
O1183,C1503,R162,2025-10-07,470
O2410,C1589,R174,2025-10-07,840
O2921,C867,R250,2025-10-07,560
O2950,C1472,R172,2025-10-07,420
O2991,C987,R151,2025-10-07,760
O3467,C237,R151,2025-10-07,460
O3661,C243,R143,2025-10-07,370
O4149,C572,R158,2025-10-07,240
O4323,C1104,R250,2025-10-07,240
O1151,C204,R103,2025-10-08,720
O1440,C948,R196,2025-10-08,760
O2279,C973,R156,2025-10-08,960
O3768,C993,R138,2025-10-08,730
O3994,C611,R171,2025-10-08,580
O4110,C1311,R245,2025-10-08,310
O4209,C838,R185,2025-10-08,380
O424,C745,R223,2025-10-09,460
O826,C301,R175,2025-10-09,600
O898,C363,R236,2025-10-09,550
O1459,C297,R221,2025-10-09,1340
O1601,C1202,R196,2025-10-09,730
O1809,C1360,R108,2025-10-09,560
O1946,C888,R234,2025-10-09,680
O2097,C976,R137,2025-10-09,630
O2500,C995,R101,2025-10-09,600
O2837,C1045,R133,2025-10-09,420
O2840,C790,R127,2025-10-09,160
O2899,C666,R101,2025-10-09,200
O3309,C407,R203,2025-10-09,490
O3916,C1095,R229,2025-10-09,400
O469,C1600,R248,2025-10-10,1150
O1057,C1239,R190,2025-10-10,510
O1111,C327,R149,2025-10-10,260
O1137,C851,R131,2025-10-10,380
O1248,C1473,R223,2025-10-10,210
O1964,C1557,R184,2025-10-10,500
O2201,C1677,R204,2025-10-10,280
O2294,C1490,R116,2025-10-10,780
O2373,C1560,R172,2025-10-10,400
O2592,C1362,R228,2025-10-10,1040
O2735,C1030,R101,2025-10-10,200
O3321,C1247,R136,2025-10-10,1350
O3385,C742,R102,2025-10-10,160
O444,C328,R121,2025-10-11,1050
O451,C1267,R173,2025-10-11,290
O881,C1236,R246,2025-10-11,460
O1466,C1083,R213,2025-10-11,470
O2200,C1413,R148,2025-10-11,330
O2793,C1265,R170,2025-10-11,460
O3288,C564,R238,2025-10-11,680
O3534,C1650,R233,2025-10-11,760
O3781,C1669,R161,2025-10-11,250
O4176,C1281,R117,2025-10-11,240
O878,C277,R165,2025-10-12,310
O1034,C975,R167,2025-10-12,980
O1038,C811,R109,2025-10-12,400
O1133,C1090,R172,2025-10-12,580
O1147,C592,R117,2025-10-12,1260
O1194,C1153,R136,2025-10-12,1100
O2479,C941,R132,2025-10-12,640
O3344,C1591,R195,2025-10-12,640
O3750,C1649,R116,2025-10-12,1550
O446,C978,R187,2025-10-13,760
O788,C572,R130,2025-10-13,270
O1181,C368,R222,2025-10-13,180
O2048,C1228,R236,2025-10-13,330
O2233,C1255,R179,2025-10-13,190
O2947,C636,R188,2025-10-13,1190
O2982,C939,R233,2025-10-13,1090
O3170,C594,R231,2025-10-13,230
O4108,C864,R204,2025-10-13,560
O4259,C409,R167,2025-10-13,160
O737,C947,R193,2025-10-14,480
O1170,C417,R174,2025-10-14,900
O1718,C1163,R200,2025-10-14,610
O2116,C972,R149,2025-10-14,1030
O2154,C1431,R106,2025-10-14,160
O2328,C997,R171,2025-10-14,160
O2702,C837,R144,2025-10-14,240
O4318,C746,R177,2025-10-14,1000
O502,C352,R129,2025-10-15,920
O1535,C1470,R193,2025-10-15,740
O1745,C882,R158,2025-10-15,1090
O1848,C1187,R235,2025-10-15,360
O2470,C246,R150,2025-10-15,480
O2764,C1204,R118,2025-10-15,360
O3450,C1007,R193,2025-10-15,540
O3496,C1230,R150,2025-10-15,900
O3851,C1261,R167,2025-10-15,590
O3934,C1587,R177,2025-10-15,440
O4129,C1107,R151,2025-10-15,690
O4260,C851,R106,2025-10-15,1630
O518,C1235,R187,2025-10-16,870
O1065,C1379,R102,2025-10-16,790
O1106,C216,R199,2025-10-16,290
O1476,C1270,R160,2025-10-16,720
O2215,C1440,R218,2025-10-16,980
O3078,C1198,R143,2025-10-16,790
O3404,C314,R158,2025-10-16,280
O3636,C1030,R145,2025-10-16,120
O4003,C1206,R147,2025-10-16,460
O713,C446,R182,2025-10-17,460
O1120,C1467,R116,2025-10-17,280
O1245,C1504,R150,2025-10-17,1080
O1333,C455,R152,2025-10-17,720
O1490,C647,R204,2025-10-17,240
O1612,C542,R209,2025-10-17,380
O1752,C1608,R112,2025-10-17,760
O2007,C1079,R119,2025-10-17,790
O2960,C599,R205,2025-10-17,130
O3619,C588,R104,2025-10-17,540
O609,C679,R207,2025-10-18,250
O744,C1152,R174,2025-10-18,960
O994,C1200,R167,2025-10-18,440
O1165,C1230,R143,2025-10-18,790
O2944,C1558,R142,2025-10-18,550
O2089,C790,R109,2025-10-19,600
O2105,C1654,R250,2025-10-19,400
O2160,C378,R167,2025-10-19,1050
O2650,C1522,R236,2025-10-19,420
O2785,C1510,R220,2025-10-19,540
O2872,C1012,R164,2025-10-19,570
O3218,C1535,R190,2025-10-19,360
O4184,C1535,R129,2025-10-19,680
O557,C682,R122,2025-10-20,100
O822,C435,R183,2025-10-20,800
O1556,C672,R116,2025-10-20,1620
O1731,C710,R248,2025-10-20,910
O2423,C1024,R161,2025-10-20,240
O2666,C1459,R198,2025-10-20,480
O3160,C563,R229,2025-10-20,670
O3577,C1072,R157,2025-10-20,650
O3948,C318,R238,2025-10-20,530
O462,C815,R107,2025-10-21,1500
O555,C932,R216,2025-10-21,860
O580,C1534,R208,2025-10-21,750
O653,C1201,R171,2025-10-21,620
O820,C281,R221,2025-10-21,170
O941,C1294,R164,2025-10-21,480
O1221,C1240,R109,2025-10-21,810
O1520,C1098,R154,2025-10-21,890
O2675,C473,R109,2025-10-21,730
O3268,C1137,R102,2025-10-21,770
O3530,C816,R224,2025-10-21,140
O3986,C332,R181,2025-10-21,1060
O4035,C991,R187,2025-10-21,130
O4287,C1324,R213,2025-10-21,160
O4293,C201,R126,2025-10-21,710
O4348,C1184,R117,2025-10-21,580
O721,C471,R166,2025-10-22,340
O772,C1062,R198,2025-10-22,840
O1107,C1221,R174,2025-10-22,200
O1132,C340,R171,2025-10-22,570
O2165,C336,R244,2025-10-22,540
O2263,C972,R234,2025-10-22,510
O2449,C332,R126,2025-10-22,640
O2742,C893,R151,2025-10-22,300
O3064,C689,R215,2025-10-22,550
O3113,C274,R146,2025-10-22,480
O3126,C1184,R245,2025-10-22,540
O4219,C733,R143,2025-10-22,1130
O553,C960,R221,2025-10-23,870
O809,C446,R243,2025-10-23,1400
O939,C1002,R184,2025-10-23,1080
O946,C1210,R136,2025-10-23,370
O1184,C1026,R197,2025-10-23,560
O1324,C882,R223,2025-10-23,530
O1428,C1346,R104,2025-10-23,470
O1555,C1694,R107,2025-10-23,1740
O2224,C1369,R113,2025-10-23,330
O2409,C1047,R101,2025-10-23,800
O2455,C1538,R246,2025-10-23,640
O2582,C238,R238,2025-10-23,120
O2689,C717,R118,2025-10-23,680
O2990,C1352,R200,2025-10-23,200
O3386,C551,R170,2025-10-23,360
O3613,C265,R150,2025-10-23,480
O4070,C1235,R229,2025-10-23,350
O448,C208,R132,2025-10-24,980
O496,C1513,R126,2025-10-24,490
O616,C557,R109,2025-10-24,130
O811,C255,R127,2025-10-24,910
O2649,C531,R165,2025-10-24,380
O2694,C1096,R147,2025-10-24,540
O2728,C1048,R222,2025-10-24,380
O3013,C968,R113,2025-10-24,410
O3820,C300,R232,2025-10-24,220
O4004,C500,R101,2025-10-24,200
O824,C225,R158,2025-10-25,1070
O1753,C1253,R210,2025-10-25,770
O1948,C1281,R207,2025-10-25,120
O2791,C1472,R134,2025-10-25,780
O3068,C1590,R165,2025-10-25,610
O4046,C1241,R199,2025-10-25,860
O4327,C998,R165,2025-10-25,170
O4351,C938,R186,2025-10-25,440
O429,C1003,R193,2025-10-26,860
O1197,C1528,R222,2025-10-26,380
O1547,C1070,R145,2025-10-26,120
O1665,C272,R179,2025-10-26,280
O2358,C805,R128,2025-10-26,860
O2893,C306,R161,2025-10-26,550
O3834,C672,R177,2025-10-26,1480
O1571,C1531,R108,2025-10-27,890
O1909,C706,R216,2025-10-27,1300
O2630,C1143,R119,2025-10-27,160
O3221,C1516,R171,2025-10-27,230
O3481,C569,R150,2025-10-27,480
O3717,C1239,R111,2025-10-27,690
O703,C997,R122,2025-10-28,160
O858,C1524,R244,2025-10-28,1090
O1140,C1410,R130,2025-10-28,610
O1487,C1383,R170,2025-10-28,1800
O2121,C414,R156,2025-10-28,280
O2149,C1067,R245,2025-10-28,370
O2357,C1363,R148,2025-10-28,770
O2508,C490,R169,2025-10-28,140
O3284,C595,R238,2025-10-28,1310
O3660,C1311,R150,2025-10-28,1020
O3824,C1687,R186,2025-10-28,960
O434,C1698,R151,2025-10-29,1060
O1090,C589,R126,2025-10-29,890
O1342,C715,R231,2025-10-29,300
O1625,C866,R231,2025-10-29,320
O1888,C489,R224,2025-10-29,780
O2384,C576,R181,2025-10-29,160
O2695,C920,R226,2025-10-29,660
O2942,C1451,R173,2025-10-29,460
O3299,C1003,R162,2025-10-29,490
O3369,C962,R159,2025-10-29,350
O1446,C1387,R230,2025-10-30,1030
O1536,C1052,R230,2025-10-30,1730
O1911,C860,R192,2025-10-30,540
O2739,C1432,R102,2025-10-30,190
O4245,C365,R248,2025-10-30,1150
O838,C646,R166,2025-10-31,680
O1309,C1167,R123,2025-10-31,970
O1371,C1085,R101,2025-10-31,910
O1807,C928,R224,2025-10-31,740
O1923,C594,R221,2025-10-31,670
O2032,C445,R105,2025-10-31,1070
O2087,C1416,R238,2025-10-31,440
O2298,C1671,R228,2025-10-31,580
O2369,C1336,R242,2025-10-31,600
O2490,C301,R244,2025-10-31,680
O2617,C822,R165,2025-10-31,170
O3275,C1260,R180,2025-10-31,1480
O3455,C1210,R111,2025-10-31,1090
O3462,C1313,R166,2025-10-31,720
O817,C599,R163,2025-11-01,970
O928,C1280,R124,2025-11-01,530
O1629,C1148,R233,2025-11-01,240
O1686,C1174,R220,2025-11-01,640
O2031,C1043,R102,2025-11-01,190
O2464,C921,R162,2025-11-01,840
O2931,C1241,R181,2025-11-01,1100
O3453,C639,R182,2025-11-01,880
O3772,C364,R192,2025-11-01,570
O4012,C1158,R181,2025-11-01,890
O4162,C976,R117,2025-11-01,750
O4221,C1238,R245,2025-11-01,780
O468,C417,R129,2025-11-02,1160
O1185,C1238,R167,2025-11-02,160
O1300,C1242,R111,2025-11-02,390
O1403,C1232,R216,2025-11-02,440
O1453,C894,R120,2025-11-02,410
O1611,C268,R244,2025-11-02,810
O1932,C656,R112,2025-11-02,1170
O1952,C355,R190,2025-11-02,620
O2174,C464,R183,2025-11-02,320
O2359,C731,R151,2025-11-02,900
O2401,C844,R227,2025-11-02,1110
O2586,C1054,R132,2025-11-02,460
O2620,C248,R147,2025-11-02,100
O2923,C597,R200,2025-11-02,440
O3209,C1013,R196,2025-11-02,710
O3627,C703,R187,2025-11-02,130
O4067,C1439,R223,2025-11-02,160
O736,C1645,R150,2025-11-03,760
O1055,C656,R210,2025-11-03,370
O1124,C886,R231,2025-11-03,580
O1275,C1561,R140,2025-11-03,300
O1472,C466,R231,2025-11-03,420
O1829,C585,R109,2025-11-03,390
O2290,C1521,R102,2025-11-03,760
O2977,C1674,R127,2025-11-03,790
O3343,C628,R126,2025-11-03,260
O4275,C1081,R118,2025-11-03,1240
O560,C220,R114,2025-11-04,1310
O1273,C1434,R160,2025-11-04,1280
O1698,C408,R234,2025-11-04,960
O2506,C401,R166,2025-11-04,360
O2516,C1584,R162,2025-11-04,700
O3085,C1482,R133,2025-11-04,1390
O3797,C1612,R125,2025-11-04,510
O4133,C486,R204,2025-11-04,290
O487,C1388,R131,2025-11-05,1180
O740,C1138,R225,2025-11-05,320
O1018,C782,R245,2025-11-05,510
O1231,C1672,R221,2025-11-05,840
O1278,C1425,R242,2025-11-05,600
O1387,C671,R124,2025-11-05,120
O1839,C851,R232,2025-11-05,220
O523,C788,R176,2025-11-06,650
O876,C1277,R141,2025-11-06,440
O889,C260,R206,2025-11-06,560
O1002,C1478,R250,2025-11-06,400
O1846,C1567,R165,2025-11-06,750
O1975,C623,R220,2025-11-06,940
O2249,C1347,R205,2025-11-06,930
O2351,C1613,R174,2025-11-06,780
O2543,C554,R184,2025-11-06,1410
O2834,C1455,R115,2025-11-06,800
O3171,C816,R236,2025-11-06,280
O3272,C627,R146,2025-11-06,1090
O3579,C579,R238,2025-11-06,430
O1158,C455,R215,2025-11-07,1140
O1468,C1307,R156,2025-11-07,980
O1657,C1186,R229,2025-11-07,1040
O3416,C471,R222,2025-11-07,390
O4037,C601,R195,2025-11-07,640
O4195,C1531,R128,2025-11-07,210
O778,C560,R152,2025-11-08,300
O896,C437,R122,2025-11-08,470
O920,C1607,R105,2025-11-08,780
O1562,C1023,R165,2025-11-08,310
O1694,C250,R207,2025-11-08,120
O1895,C1584,R225,2025-11-08,1320
O2375,C833,R132,2025-11-08,670
O3007,C222,R115,2025-11-08,830
O3033,C485,R144,2025-11-08,970
O3302,C994,R199,2025-11-08,540
O3370,C990,R188,2025-11-08,460
O3511,C485,R179,2025-11-08,180
O3740,C481,R222,2025-11-08,730
O3983,C1437,R249,2025-11-08,730
O4021,C445,R118,2025-11-08,700
O4295,C1186,R213,2025-11-08,280
O683,C1110,R181,2025-11-09,720
O982,C1417,R200,2025-11-09,390
O1003,C546,R179,2025-11-09,550
O1259,C565,R104,2025-11-09,470
O1491,C1203,R241,2025-11-09,720
O1922,C1206,R135,2025-11-09,380
O2080,C1177,R200,2025-11-09,330
O2403,C709,R113,2025-11-09,490
O2433,C350,R114,2025-11-09,820
O3102,C994,R152,2025-11-09,1110
O3324,C474,R126,2025-11-09,940
O3401,C1699,R133,2025-11-09,360
O601,C220,R207,2025-11-10,570
O1155,C1320,R107,2025-11-10,230
O1624,C512,R176,2025-11-10,420
O1673,C1031,R246,2025-11-10,1370
O2001,C768,R230,2025-11-10,1090
O2057,C1106,R240,2025-11-10,230
O3815,C1450,R119,2025-11-10,450
O3887,C1232,R143,2025-11-10,920
O4172,C1199,R166,2025-11-10,640
O619,C371,R193,2025-11-11,730
O1435,C1452,R167,2025-11-11,480
O1477,C411,R157,2025-11-11,530
O1548,C933,R155,2025-11-11,540
O1844,C293,R179,2025-11-11,140
O2138,C391,R243,2025-11-11,540
O2381,C1436,R245,2025-11-11,440
O2429,C1193,R188,2025-11-11,800
O2801,C1535,R172,2025-11-11,980
O3080,C1325,R169,2025-11-11,900
O3915,C1526,R206,2025-11-11,230
O3926,C1424,R144,2025-11-11,880
O4030,C454,R206,2025-11-11,230
O4286,C681,R209,2025-11-11,1010
O942,C937,R194,2025-11-12,350
O1068,C892,R102,2025-11-12,230
O1703,C678,R141,2025-11-12,380
O2211,C842,R250,2025-11-12,560
O2278,C851,R113,2025-11-12,660
O3204,C1470,R221,2025-11-12,1320
O3518,C508,R136,2025-11-12,610
O4042,C1605,R246,2025-11-12,1090
O1337,C703,R101,2025-11-13,430
O1711,C915,R199,2025-11-13,690
O2244,C903,R143,2025-11-13,590
O2507,C375,R206,2025-11-13,720
O2916,C650,R220,2025-11-13,840
O3849,C1625,R142,2025-11-13,970
O3945,C897,R239,2025-11-13,610
O590,C1306,R184,2025-11-14,880
O1916,C548,R207,2025-11-14,520
O2339,C741,R166,2025-11-14,620
O2547,C1041,R202,2025-11-14,1770
O3192,C679,R238,2025-11-14,460
O2412,C210,R166,2025-11-15,440
O2457,C820,R202,2025-11-15,840
O2959,C1326,R199,2025-11-15,190
O3465,C607,R187,2025-11-15,650
O3683,C502,R151,2025-11-15,330
O1112,C655,R236,2025-11-16,160
O1160,C1677,R171,2025-11-16,810
O1210,C974,R157,2025-11-16,340
O2014,C879,R202,2025-11-16,620
O2148,C1366,R226,2025-11-16,200
O2657,C1651,R196,2025-11-16,1180
O2946,C722,R227,2025-11-16,630
O3488,C1192,R165,2025-11-16,730
O422,C1140,R241,2025-11-17,510
O692,C612,R129,2025-11-17,340
O1123,C1525,R111,2025-11-17,680
O1172,C417,R117,2025-11-17,150
O1549,C568,R161,2025-11-17,590
O2437,C1602,R196,2025-11-17,590
O2835,C549,R224,2025-11-17,760
O3032,C835,R127,2025-11-17,150
O3271,C1599,R143,2025-11-17,1050
O3362,C532,R159,2025-11-17,240
O3889,C1162,R135,2025-11-17,590
O4178,C1661,R203,2025-11-17,1150
O4353,C1489,R106,2025-11-17,250
O449,C1043,R141,2025-11-18,330
O602,C1366,R102,2025-11-18,390
O1334,C732,R176,2025-11-18,400
O1423,C828,R101,2025-11-18,570
O1634,C1085,R120,2025-11-18,730
O3616,C409,R141,2025-11-18,520
O4289,C1485,R163,2025-11-18,740
O1668,C1300,R222,2025-11-19,530
O3014,C1402,R142,2025-11-19,710
O4306,C1588,R161,2025-11-19,630
O1042,C258,R163,2025-11-20,370
O1048,C230,R245,2025-11-20,640
O1736,C228,R153,2025-11-20,500
O1858,C1278,R196,2025-11-20,320
O2003,C1090,R237,2025-11-20,370
O2143,C1156,R151,2025-11-20,1280
O2213,C643,R156,2025-11-20,640
O3229,C996,R186,2025-11-20,100
O3445,C596,R119,2025-11-20,900
O470,C1397,R130,2025-11-21,720
O599,C1117,R250,2025-11-21,760
O677,C668,R159,2025-11-21,700
O696,C1222,R115,2025-11-21,1620
O991,C378,R226,2025-11-21,800
O1237,C1195,R177,2025-11-21,1220
O1543,C1601,R104,2025-11-21,100
O1589,C1100,R203,2025-11-21,440
O1692,C350,R146,2025-11-21,600
O1717,C369,R144,2025-11-21,1700
O1805,C586,R232,2025-11-21,180
O2329,C1358,R108,2025-11-21,500
O2969,C704,R239,2025-11-21,920
O4190,C1395,R233,2025-11-21,570
O4203,C512,R170,2025-11-21,1240
O441,C696,R219,2025-11-22,440
O1076,C1013,R213,2025-11-22,430
O1828,C954,R195,2025-11-22,810
O2380,C1006,R221,2025-11-22,1140
O2616,C440,R210,2025-11-22,570
O2839,C374,R113,2025-11-22,790
O3010,C838,R112,2025-11-22,790
O3482,C1605,R238,2025-11-22,850
O3794,C394,R114,2025-11-22,770
O708,C275,R170,2025-11-23,800
O799,C904,R220,2025-11-23,810
O1279,C1646,R143,2025-11-23,220
O4115,C944,R230,2025-11-23,660
O613,C488,R222,2025-11-24,360
O3252,C595,R119,2025-11-24,290
O3647,C462,R234,2025-11-24,430
O3866,C360,R164,2025-11-24,230
O3901,C749,R246,2025-11-24,260
O832,C413,R163,2025-11-25,740
O1206,C1694,R236,2025-11-25,420
O1671,C970,R225,2025-11-25,1420
O1962,C457,R201,2025-11-25,910
O2219,C1429,R218,2025-11-25,460
O2267,C629,R113,2025-11-25,310
O2317,C292,R242,2025-11-25,580
O3354,C1098,R210,2025-11-25,140
O3790,C1384,R112,2025-11-25,290
O3963,C905,R123,2025-11-25,1230
O4271,C345,R119,2025-11-25,260
O936,C590,R242,2025-11-26,480
O995,C928,R245,2025-11-26,240
O1416,C697,R148,2025-11-26,780
O1474,C1562,R188,2025-11-26,920
O1626,C1677,R235,2025-11-26,180
O2009,C777,R165,2025-11-26,140
O2387,C1346,R217,2025-11-26,280
O2408,C1362,R185,2025-11-26,460
O2967,C771,R250,2025-11-26,400
O3641,C1537,R213,2025-11-26,800
O3771,C1248,R106,2025-11-26,260
O474,C1518,R102,2025-11-27,730
O543,C1203,R160,2025-11-27,910
O1406,C1307,R241,2025-11-27,180
O1467,C1304,R137,2025-11-27,640
O1537,C382,R163,2025-11-27,550
O1603,C1254,R226,2025-11-27,700
O1860,C1563,R132,2025-11-27,340
O2028,C264,R225,2025-11-27,660
O2155,C348,R125,2025-11-27,610
O2396,C485,R233,2025-11-27,210
O2487,C1682,R190,2025-11-27,980
O2658,C640,R208,2025-11-27,900
O2807,C918,R195,2025-11-27,640
O3048,C407,R186,2025-11-27,1260
O3392,C1373,R103,2025-11-27,1330
O686,C480,R196,2025-11-28,370
O1093,C257,R250,2025-11-28,1160
O1421,C597,R159,2025-11-28,730
O1659,C1654,R239,2025-11-28,1020
O1769,C1322,R165,2025-11-28,280
O2051,C1136,R120,2025-11-28,250
O2123,C498,R211,2025-11-28,800
O2207,C1088,R176,2025-11-28,170
O3956,C1232,R220,2025-11-28,600
O4261,C916,R193,2025-11-28,450
O4349,C1151,R121,2025-11-28,890
O855,C1188,R134,2025-11-29,160
O1826,C1219,R164,2025-11-29,480
O2241,C1481,R174,2025-11-29,1050
O2550,C1248,R145,2025-11-29,180
O2958,C262,R203,2025-11-29,740
O3141,C757,R244,2025-11-29,950
O3143,C1545,R143,2025-11-29,420
O3536,C504,R178,2025-11-29,750
O4217,C1214,R163,2025-11-29,550
O4241,C989,R118,2025-11-29,580
O1448,C1438,R173,2025-11-30,1030
O1800,C1524,R190,2025-11-30,580
O2075,C880,R173,2025-11-30,360
O2528,C667,R149,2025-11-30,630
O2891,C732,R202,2025-11-30,110
O3216,C488,R172,2025-11-30,180
O3666,C1267,R178,2025-11-30,140
O4080,C991,R222,2025-11-30,390
O4126,C1091,R181,2025-11-30,720
O4215,C1592,R123,2025-11-30,360
O403,C965,R230,2025-12-01,910
O679,C1304,R194,2025-12-01,190
O701,C234,R247,2025-12-01,440
O1974,C489,R120,2025-12-01,220
O2371,C703,R203,2025-12-01,510
O3257,C495,R220,2025-12-01,560
O3667,C680,R114,2025-12-01,370
O3674,C1577,R145,2025-12-01,860
O4145,C984,R239,2025-12-01,550
O520,C1625,R146,2025-12-02,520
O608,C374,R141,2025-12-02,1000
O1182,C346,R148,2025-12-02,330
O1457,C1022,R203,2025-12-02,890
O1527,C952,R203,2025-12-02,300
O2572,C1489,R129,2025-12-02,200
O2781,C892,R199,2025-12-02,340
O2878,C1060,R234,2025-12-02,1140
O2898,C1104,R225,2025-12-02,1870
O3463,C507,R116,2025-12-02,1130
O3776,C1364,R199,2025-12-02,1410
O3879,C634,R122,2025-12-02,180
O4322,C953,R140,2025-12-02,350
O1159,C1088,R179,2025-12-03,280
O1310,C875,R103,2025-12-03,150
O1443,C573,R137,2025-12-03,790
O1758,C1166,R106,2025-12-03,1390
O2473,C271,R103,2025-12-03,1150
O3072,C306,R237,2025-12-03,80
O4257,C991,R225,2025-12-03,1100
O486,C285,R121,2025-12-04,220
O504,C1539,R244,2025-12-04,950
O2952,C1584,R159,2025-12-04,380
O3541,C537,R157,2025-12-04,310
O3780,C427,R247,2025-12-04,330
O4101,C519,R163,2025-12-04,250
O571,C1695,R198,2025-12-05,1180
O1028,C1639,R232,2025-12-05,580
O1397,C1154,R137,2025-12-05,400
O1405,C472,R222,2025-12-05,170
O1705,C333,R131,2025-12-05,1180
O1727,C719,R214,2025-12-05,910
O2280,C355,R247,2025-12-05,920
O2779,C480,R125,2025-12-05,580
O2821,C1346,R121,2025-12-05,450
O3061,C1426,R247,2025-12-05,200
O3502,C954,R113,2025-12-05,780
O3545,C445,R152,2025-12-05,900
O3980,C596,R223,2025-12-05,350
O4122,C1535,R220,2025-12-05,1100
O623,C1479,R101,2025-12-06,230
O662,C711,R172,2025-12-06,1300
O1412,C753,R170,2025-12-06,700
O2422,C705,R189,2025-12-06,440
O2637,C1593,R212,2025-12-06,200
O2885,C1232,R111,2025-12-06,240
O3437,C651,R213,2025-12-06,380
O3441,C952,R132,2025-12-06,450
O758,C422,R117,2025-12-07,1030
O805,C1146,R133,2025-12-07,920
O1238,C1685,R114,2025-12-07,600
O2367,C449,R151,2025-12-07,890
O2740,C574,R154,2025-12-07,1340
O3124,C1380,R107,2025-12-07,620
O4381,C1249,R164,2025-12-07,420
O505,C800,R246,2025-12-08,180
O1366,C571,R218,2025-12-08,460
O1496,C1418,R195,2025-12-08,690
O1616,C1134,R139,2025-12-08,620
O2567,C976,R149,2025-12-08,240
O2624,C1283,R184,2025-12-08,830
O3027,C257,R200,2025-12-08,610
O3421,C1586,R248,2025-12-08,1550
O3694,C279,R175,2025-12-08,200
O3738,C899,R231,2025-12-08,720
O3913,C922,R102,2025-12-08,360
O4343,C729,R224,2025-12-08,760
O433,C1442,R160,2025-12-09,550
O695,C379,R140,2025-12-09,850
O837,C1637,R126,2025-12-09,410
O912,C1025,R198,2025-12-09,160
O2106,C1475,R229,2025-12-09,570
O2452,C1146,R162,2025-12-09,180
O2948,C931,R246,2025-12-09,1100
O4335,C1026,R170,2025-12-09,1340
O887,C247,R101,2025-12-10,1240
O956,C1507,R230,2025-12-10,540
O1130,C933,R101,2025-12-10,100
O1528,C754,R114,2025-12-10,440
O1725,C490,R182,2025-12-10,280
O2223,C1499,R216,2025-12-10,450
O3376,C1271,R235,2025-12-10,300
O3664,C1457,R242,2025-12-10,1900
O3729,C300,R163,2025-12-10,1220
O414,C640,R208,2025-12-11,340
O1095,C349,R229,2025-12-11,1320
O2444,C935,R133,2025-12-11,100
O2662,C287,R154,2025-12-11,720
O3308,C1065,R147,2025-12-11,250
O3787,C1154,R214,2025-12-11,710
O4105,C1531,R104,2025-12-11,470
O4302,C776,R224,2025-12-11,210
O4371,C1366,R175,2025-12-11,820
O491,C1111,R112,2025-12-12,1280
O1382,C358,R144,2025-12-12,200
O1458,C836,R129,2025-12-12,200
O1462,C706,R243,2025-12-12,1690
O1600,C1368,R201,2025-12-12,460
O2400,C502,R121,2025-12-12,840
O2806,C1155,R216,2025-12-12,220
O666,C269,R145,2025-12-13,110
O2321,C541,R112,2025-12-13,790
O3112,C1515,R247,2025-12-13,840
O3298,C276,R155,2025-12-13,580
O4007,C966,R168,2025-12-13,1340
O4358,C1040,R107,2025-12-13,1020
O1075,C250,R111,2025-12-14,560
O2166,C209,R144,2025-12-14,400
O2512,C1480,R191,2025-12-14,610
O3205,C856,R151,2025-12-14,1350
O3480,C412,R243,2025-12-14,760
O3565,C380,R166,2025-12-14,100
O3640,C1359,R194,2025-12-14,650
O4332,C1216,R235,2025-12-14,670
O1074,C1152,R125,2025-12-15,90
O1417,C624,R178,2025-12-15,580
O1679,C1647,R186,2025-12-15,840
O2134,C603,R145,2025-12-15,180
O2402,C677,R132,2025-12-15,820
O2672,C1337,R168,2025-12-15,640
O3123,C1589,R137,2025-12-15,930
O3657,C950,R211,2025-12-15,330
O4226,C1347,R209,2025-12-15,930
O779,C774,R159,2025-12-16,560
O1480,C1536,R173,2025-12-16,400
O1729,C1483,R224,2025-12-16,660
O1882,C1514,R125,2025-12-16,460
O2117,C540,R107,2025-12-16,1200
O2425,C807,R113,2025-12-16,110
O2441,C1347,R169,2025-12-16,1720
O2599,C723,R175,2025-12-16,660
O3586,C1609,R177,2025-12-16,600
O3844,C1656,R124,2025-12-16,120
O479,C874,R201,2025-12-17,620
O563,C678,R193,2025-12-17,1030
O962,C1442,R110,2025-12-17,750
O3186,C673,R189,2025-12-17,540
O3964,C785,R191,2025-12-17,650
O4151,C1545,R215,2025-12-17,690
O1052,C1282,R118,2025-12-18,1300
O1546,C718,R209,2025-12-18,1460
O2292,C1579,R111,2025-12-18,1010
O3039,C267,R187,2025-12-18,1110
O3411,C793,R240,2025-12-18,1260
O3550,C1267,R206,2025-12-18,230
O3709,C301,R226,2025-12-18,600
O3816,C1549,R171,2025-12-18,380
O4187,C583,R223,2025-12-18,210
O495,C1146,R157,2025-12-19,680
O644,C1160,R178,2025-12-19,580
O681,C228,R140,2025-12-19,680
O702,C1218,R194,2025-12-19,320
O821,C1086,R127,2025-12-19,280
O835,C742,R205,2025-12-19,470
O836,C1537,R242,2025-12-19,830
O879,C564,R190,2025-12-19,760
O943,C1493,R178,2025-12-19,980
O1892,C1596,R106,2025-12-19,170
O2066,C1053,R239,2025-12-19,720
O2573,C899,R214,2025-12-19,1020
O2677,C1195,R180,2025-12-19,200
O2968,C1659,R102,2025-12-19,450
O3179,C1230,R117,2025-12-19,1120
O3188,C1601,R212,2025-12-19,1520
O3384,C945,R203,2025-12-19,850
O3406,C1291,R123,2025-12-19,1580
O4060,C242,R166,2025-12-19,520
O453,C959,R184,2025-12-20,1650
O1655,C1312,R132,2025-12-20,570
O1981,C800,R245,2025-12-20,710
O2466,C448,R125,2025-12-20,530
O2648,C470,R232,2025-12-20,980
O3227,C1572,R158,2025-12-20,850
O3944,C826,R247,2025-12-20,730
O4359,C247,R211,2025-12-20,1380
O1575,C1076,R125,2025-12-21,420
O1884,C753,R210,2025-12-21,1250
O2283,C1267,R208,2025-12-21,530
O3735,C1135,R140,2025-12-21,320
O1145,C1638,R187,2025-12-22,890
O1486,C1237,R130,2025-12-22,1330
O1512,C535,R148,2025-12-22,1400
O1780,C1329,R153,2025-12-22,890
O1864,C466,R127,2025-12-22,1030
O2025,C1080,R127,2025-12-22,890
O2047,C1427,R163,2025-12-22,300
O3570,C891,R143,2025-12-22,770
O3662,C1408,R241,2025-12-22,180
O4337,C581,R101,2025-12-22,230
O1479,C1172,R213,2025-12-23,1040
O2119,C443,R126,2025-12-23,750
O2171,C1659,R204,2025-12-23,750
O2295,C1433,R205,2025-12-23,880
O2974,C1267,R228,2025-12-23,220
O4084,C1138,R169,2025-12-23,980
O4164,C243,R185,2025-12-23,230
O4354,C568,R188,2025-12-23,570
O882,C557,R166,2025-12-24,200
O1035,C1343,R212,2025-12-24,760
O1343,C626,R175,2025-12-24,640
O1719,C289,R202,2025-12-24,480
O1973,C1523,R213,2025-12-24,940
O3197,C522,R178,2025-12-24,520
O3459,C214,R216,2025-12-24,1520
O732,C1208,R116,2025-12-25,1070
O1088,C1542,R209,2025-12-25,1310
O1144,C1235,R129,2025-12-25,580
O1283,C1250,R158,2025-12-25,760
O2205,C432,R130,2025-12-25,530
O2389,C439,R155,2025-12-25,510
O3083,C743,R134,2025-12-25,560
O3223,C1338,R127,2025-12-25,780
O3304,C1583,R144,2025-12-25,950
O3932,C577,R128,2025-12-25,1020
O4040,C1059,R141,2025-12-25,810
O4364,C1308,R133,2025-12-25,730
O581,C1376,R108,2025-12-26,600
O864,C781,R213,2025-12-26,350
O1516,C1700,R206,2025-12-26,1090
O1557,C1659,R205,2025-12-26,360
O1699,C302,R115,2025-12-26,730
O2072,C717,R214,2025-12-26,550
O2721,C1033,R168,2025-12-26,1280
O2889,C676,R154,2025-12-26,1140
O3105,C888,R186,2025-12-26,1060
O3182,C564,R191,2025-12-26,590
O3355,C1500,R234,2025-12-26,1360
O1087,C729,R170,2025-12-27,680
O1272,C382,R246,2025-12-27,530
O1454,C221,R175,2025-12-27,620
O1484,C1533,R104,2025-12-27,840
O1493,C1234,R147,2025-12-27,300
O1695,C1493,R173,2025-12-27,580
O1788,C1361,R106,2025-12-27,110
O2883,C529,R157,2025-12-27,680
O2941,C216,R200,2025-12-27,360
O3163,C1636,R214,2025-12-27,1030
O3251,C1045,R232,2025-12-27,520
O3351,C273,R153,2025-12-27,200
O3449,C1295,R141,2025-12-27,370
O3633,C1076,R116,2025-12-27,1120
O3741,C1687,R166,2025-12-27,100
O3903,C1061,R202,2025-12-27,1010
O3904,C1011,R218,2025-12-27,220
O3959,C1313,R116,2025-12-27,820
O1373,C1418,R158,2025-12-28,700
O1913,C1600,R192,2025-12-28,960
O1959,C820,R171,2025-12-28,1180
O2137,C284,R206,2025-12-28,860
O2163,C1367,R216,2025-12-28,620
O2784,C1506,R214,2025-12-28,760
O2981,C1333,R152,2025-12-28,560
O4124,C782,R169,2025-12-28,150
O789,C1397,R162,2025-12-29,1390
O1174,C206,R106,2025-12-29,1580
O1515,C1432,R198,2025-12-29,640
O1588,C882,R222,2025-12-29,740
O3005,C1524,R118,2025-12-29,940
O3281,C1469,R228,2025-12-29,1060
O3860,C855,R178,2025-12-29,380
O592,C539,R214,2025-12-30,880
O763,C1570,R137,2025-12-30,630
O1041,C208,R246,2025-12-30,350
O1594,C278,R167,2025-12-30,1140
O2085,C274,R102,2025-12-30,180
O2088,C265,R198,2025-12-30,340
O2633,C1484,R229,2025-12-30,1340
O3181,C793,R171,2025-12-30,120
O3580,C1445,R143,2025-12-30,340
O3721,C464,R186,2025-12-30,650
O4014,C1435,R195,2025-12-30,860
O4262,C476,R189,2025-12-30,490
O977,C357,R182,2025-12-31,700
O1227,C371,R116,2025-12-31,280
O1325,C1371,R204,2025-12-31,530
O1438,C282,R228,2025-12-31,600
O1539,C305,R200,2025-12-31,430
O1678,C631,R165,2025-12-31,580
O1757,C278,R133,2025-12-31,340
O1760,C707,R127,2025-12-31,900
O2170,C1399,R213,2025-12-31,720
O2458,C1287,R185,2025-12-31,460
O2665,C578,R150,2025-12-31,500
O2877,C302,R121,2025-12-31,850
O3139,C1612,R246,2025-12-31,370
O3438,C713,R225,2025-12-31,760
O3603,C731,R113,2025-12-31,510
O628,C607,R128,2026-01-01,590
O657,C371,R229,2026-01-01,810
O698,C259,R105,2026-01-01,370
O964,C779,R163,2026-01-01,550
O1383,C1370,R132,2026-01-01,200
O2232,C798,R134,2026-01-01,410
O2276,C447,R207,2026-01-01,380
O2767,C705,R133,2026-01-01,100
O3125,C1088,R205,2026-01-01,1240
O3402,C1684,R170,2026-01-01,1460
O3554,C927,R161,2026-01-01,460
O4280,C967,R118,2026-01-01,1400
O417,C1098,R244,2026-01-02,590
O1330,C1019,R182,2026-01-02,100
O2037,C1397,R162,2026-01-02,620
O3505,C289,R199,2026-01-02,740
O3510,C908,R136,2026-01-02,1560
O4269,C855,R236,2026-01-02,700
O4288,C946,R104,2026-01-02,100
O637,C829,R215,2026-01-03,380
O1308,C702,R164,2026-01-03,230
O2158,C1571,R164,2026-01-03,260
O2333,C1527,R157,2026-01-03,870
O3246,C1308,R206,2026-01-03,460
O3265,C1521,R154,2026-01-03,1850
O3745,C1374,R201,2026-01-03,680
O711,C763,R196,2026-01-04,1050
O752,C421,R113,2026-01-04,240
O1502,C608,R149,2026-01-04,510
O1816,C1083,R169,2026-01-04,1800
O2081,C610,R195,2026-01-04,520
O2184,C1068,R181,2026-01-04,380
O2212,C1191,R235,2026-01-04,440
O2397,C381,R172,2026-01-04,820
O2454,C244,R109,2026-01-04,390
O3136,C927,R186,2026-01-04,430
O3294,C628,R106,2026-01-04,380
O4296,C1559,R174,2026-01-04,100
O1244,C801,R191,2026-01-05,730
O1420,C619,R220,2026-01-05,780
O2013,C513,R193,2026-01-05,500
O2684,C585,R128,2026-01-05,590
O2734,C1653,R227,2026-01-05,1040
O3063,C1240,R219,2026-01-05,920
O3387,C1267,R231,2026-01-05,440
O4081,C1124,R243,2026-01-05,1330
O806,C224,R127,2026-01-06,590
O1113,C918,R247,2026-01-06,550
O1723,C1033,R119,2026-01-06,210
O1734,C717,R170,2026-01-06,700
O1791,C1309,R227,2026-01-06,780
O2966,C1282,R208,2026-01-06,1320
O3681,C909,R183,2026-01-06,920
O3752,C1554,R244,2026-01-06,360
O3910,C467,R217,2026-01-06,210
O687,C205,R171,2026-01-07,410
O726,C932,R209,2026-01-07,870
O1196,C367,R245,2026-01-07,590
O1220,C727,R145,2026-01-07,600
O1414,C1631,R177,2026-01-07,960
O1969,C1023,R185,2026-01-07,580
O2632,C558,R177,2026-01-07,600
O2808,C1521,R132,2026-01-07,1260
O2856,C296,R213,2026-01-07,440
O3121,C579,R176,2026-01-07,530
O3236,C1525,R116,2026-01-07,1650
O3714,C1021,R190,2026-01-07,930
O4019,C517,R179,2026-01-07,180
O4045,C777,R154,2026-01-07,1510
O4150,C241,R237,2026-01-07,610
O877,C512,R215,2026-01-08,150
O1080,C380,R242,2026-01-08,1780
O1422,C1280,R135,2026-01-08,2230
O1497,C1597,R112,2026-01-08,510
O2534,C410,R242,2026-01-08,1790
O2578,C1130,R128,2026-01-08,210
O3212,C487,R196,2026-01-08,1230
O3706,C448,R124,2026-01-08,540
O4006,C228,R204,2026-01-08,790
O1179,C1163,R138,2026-01-09,360
O1233,C508,R237,2026-01-09,390
O1376,C1391,R250,2026-01-09,760
O1411,C1444,R126,2026-01-09,640
O2361,C297,R132,2026-01-09,610
O2882,C1406,R227,2026-01-09,480
O3569,C576,R140,2026-01-09,400
O4017,C1598,R198,2026-01-09,270
O535,C277,R125,2026-01-10,1120
O751,C384,R225,2026-01-10,840
O1579,C1382,R162,2026-01-10,310
O2566,C1323,R122,2026-01-10,390
O2935,C278,R193,2026-01-10,730
O2940,C1381,R203,2026-01-10,300
O3127,C243,R215,2026-01-10,560
O3314,C1296,R116,2026-01-10,570
O3582,C1058,R104,2026-01-10,200
O3813,C1678,R162,2026-01-10,1330
O546,C894,R168,2026-01-11,1120
O710,C1235,R239,2026-01-11,1620
O856,C856,R214,2026-01-11,860
O909,C640,R121,2026-01-11,530
O1355,C209,R194,2026-01-11,410
O1830,C412,R230,2026-01-11,660
O2671,C630,R232,2026-01-11,280
O3057,C441,R119,2026-01-11,550
O3329,C1383,R171,2026-01-11,460
O3846,C1197,R191,2026-01-11,1140
O3992,C1596,R203,2026-01-11,810
O4181,C1091,R169,2026-01-11,150
O402,C866,R223,2026-01-12,140
O472,C281,R153,2026-01-12,1250
O870,C993,R132,2026-01-12,1330
O1335,C517,R114,2026-01-12,740
O1483,C990,R196,2026-01-12,220
O1894,C769,R248,2026-01-12,490
O2399,C447,R160,2026-01-12,310
O2880,C1552,R120,2026-01-12,430
O2911,C1688,R186,2026-01-12,1990
O3161,C356,R198,2026-01-12,270
O3196,C1050,R101,2026-01-12,570
O3270,C381,R202,2026-01-12,540
O1036,C967,R191,2026-01-13,830
O1298,C1521,R134,2026-01-13,870
O2753,C876,R231,2026-01-13,420
O2881,C842,R153,2026-01-13,200
O2910,C1123,R107,2026-01-13,240
O2976,C947,R106,2026-01-13,760
O3307,C1079,R206,2026-01-13,300
O4297,C1208,R111,2026-01-13,390
O531,C1386,R215,2026-01-14,1170
O689,C262,R182,2026-01-14,140
O1266,C861,R230,2026-01-14,780
O1938,C1662,R209,2026-01-14,140
O2520,C958,R103,2026-01-14,600
O2651,C599,R211,2026-01-14,220
O2787,C1329,R179,2026-01-14,630
O3060,C832,R130,2026-01-14,410
O3350,C485,R136,2026-01-14,1760
O3697,C995,R208,2026-01-14,340
O3746,C531,R179,2026-01-14,230
O830,C1539,R134,2026-01-15,690
O1450,C1155,R218,2026-01-15,490
O1730,C956,R203,2026-01-15,790
O2419,C1313,R243,2026-01-15,200
O2759,C1258,R120,2026-01-15,470
O3796,C855,R119,2026-01-15,480
O4098,C1219,R201,2026-01-15,620
O536,C814,R175,2026-01-16,440
O1652,C312,R119,2026-01-16,640
O2310,C667,R167,2026-01-16,1100
O2653,C968,R203,2026-01-16,740
O3991,C1681,R173,2026-01-16,290
O1129,C1615,R207,2026-01-17,1090
O1270,C744,R146,2026-01-17,420
O2209,C1655,R123,2026-01-17,560
O2284,C1612,R236,2026-01-17,1200
O2363,C399,R112,2026-01-17,510
O2894,C1560,R114,2026-01-17,180
O722,C645,R227,2026-01-18,720
O1149,C1277,R220,2026-01-18,860
O1281,C1380,R232,2026-01-18,600
O1593,C852,R144,2026-01-18,920
O2188,C1106,R112,2026-01-18,260
O2306,C720,R142,2026-01-18,320
O2376,C1645,R241,2026-01-18,690
O2971,C499,R195,2026-01-18,570
O3500,C1556,R211,2026-01-18,550
O3558,C1031,R174,2026-01-18,1180
O4201,C630,R174,2026-01-18,950
O547,C907,R246,2026-01-19,550
O731,C1030,R118,2026-01-19,360
O1294,C1684,R206,2026-01-19,590
O2034,C1163,R145,2026-01-19,560
O2086,C1698,R191,2026-01-19,680
O2730,C535,R158,2026-01-19,810
O2741,C1375,R141,2026-01-19,540
O2798,C1344,R210,2026-01-19,1480
O3159,C369,R136,2026-01-19,760
O3263,C336,R201,2026-01-19,470
O3560,C1521,R180,2026-01-19,1240
O925,C1448,R233,2026-01-20,290
O1489,C529,R157,2026-01-20,1210
O2347,C947,R115,2026-01-20,750
O2542,C416,R234,2026-01-20,190
O3589,C1540,R114,2026-01-20,740
O4146,C1258,R143,2026-01-20,370
O814,C1216,R141,2026-01-21,1020
O1069,C946,R148,2026-01-21,740
O1587,C846,R116,2026-01-21,410
O1633,C309,R104,2026-01-21,200
O2053,C995,R103,2026-01-21,420
O3316,C1426,R247,2026-01-21,1020
O3397,C783,R200,2026-01-21,1000
O3591,C1668,R219,2026-01-21,1080
O3734,C868,R238,2026-01-21,820
O4320,C288,R163,2026-01-21,1400
O562,C1290,R123,2026-01-22,900
O902,C1198,R145,2026-01-22,1280
O1219,C760,R197,2026-01-22,160
O1277,C1166,R186,2026-01-22,740
O1358,C546,R176,2026-01-22,800
O1662,C224,R126,2026-01-22,330
O1967,C1215,R197,2026-01-22,420
O2451,C1013,R147,2026-01-22,180
O2607,C1458,R143,2026-01-22,220
O2855,C1454,R214,2026-01-22,910
O3724,C401,R234,2026-01-22,700
O3755,C239,R136,2026-01-22,1020
O3766,C612,R153,2026-01-22,260
O4216,C1228,R101,2026-01-22,800
O4224,C211,R131,2026-01-22,240
O833,C762,R151,2026-01-23,1160
O1058,C714,R124,2026-01-23,710
O1410,C1427,R180,2026-01-23,140
O1861,C562,R113,2026-01-23,630
O2571,C1037,R146,2026-01-23,690
O2669,C1225,R228,2026-01-23,730
O3008,C571,R146,2026-01-23,390
O3137,C1134,R151,2026-01-23,920
O3237,C1362,R101,2026-01-23,540
O3894,C1343,R245,2026-01-23,130
O4253,C1479,R142,2026-01-23,830
O508,C930,R217,2026-01-24,240
O868,C638,R208,2026-01-24,600
O891,C599,R141,2026-01-24,860
O1024,C1364,R245,2026-01-24,310
O1434,C930,R103,2026-01-24,300
O1519,C1457,R184,2026-01-24,890
O1722,C1239,R240,2026-01-24,1260
O1768,C1275,R225,2026-01-24,1080
O2597,C1213,R108,2026-01-24,390
O2953,C557,R107,2026-01-24,580
O3357,C572,R109,2026-01-24,200
O3559,C470,R112,2026-01-24,730
O3622,C1457,R127,2026-01-24,530
O3687,C1673,R178,2026-01-24,450
O440,C1441,R134,2026-01-25,1130
O1492,C651,R175,2026-01-25,720
O1653,C410,R216,2026-01-25,1240
O2468,C1057,R106,2026-01-25,330
O426,C566,R132,2026-01-26,390
O923,C398,R168,2026-01-26,220
O2132,C744,R129,2026-01-26,390
O2186,C745,R149,2026-01-26,240
O2660,C1355,R218,2026-01-26,540
O2927,C962,R184,2026-01-26,190
O3011,C726,R135,2026-01-26,1990
O3854,C242,R234,2026-01-26,650
O4356,C1621,R184,2026-01-26,750
O861,C1672,R113,2026-01-27,420
O1901,C603,R207,2026-01-27,560
O1955,C966,R226,2026-01-27,500
O1956,C677,R153,2026-01-27,140
O2079,C973,R188,2026-01-27,1840
O2125,C1005,R123,2026-01-27,650
O2245,C1076,R106,2026-01-27,260
O2251,C252,R242,2026-01-27,730
O2796,C589,R132,2026-01-27,90
O3243,C602,R169,2026-01-27,280
O3474,C1200,R110,2026-01-27,870
O3840,C1162,R173,2026-01-27,1120
O4186,C908,R125,2026-01-27,520
O4244,C412,R234,2026-01-27,1090
O4400,C406,R166,2026-01-27,340
O564,C1600,R214,2026-01-28,950
O849,C1218,R241,2026-01-28,1050
O1029,C274,R234,2026-01-28,260
O1117,C1402,R241,2026-01-28,690
O1785,C792,R119,2026-01-28,370
O2297,C201,R217,2026-01-28,380
O2519,C1591,R129,2026-01-28,710
O3300,C679,R200,2026-01-28,440
O3413,C328,R219,2026-01-28,800
O431,C1251,R158,2026-01-29,620
O937,C813,R117,2026-01-29,1020
O1232,C1186,R104,2026-01-29,270
O1574,C1517,R241,2026-01-29,870
O2104,C475,R196,2026-01-29,160
O2110,C1020,R210,2026-01-29,1170
O2287,C606,R153,2026-01-29,1120
O2574,C437,R133,2026-01-29,410
O2627,C856,R250,2026-01-29,680
O3504,C1517,R195,2026-01-29,920
O420,C330,R132,2026-01-30,200
O2628,C274,R206,2026-01-30,530
O2997,C718,R184,2026-01-30,830
O3081,C1304,R221,2026-01-30,860
O3296,C555,R121,2026-01-30,690
O3656,C1519,R132,2026-01-30,920
O3938,C941,R242,2026-01-30,260
O1514,C1459,R121,2026-01-31,850
O1559,C253,R211,2026-01-31,910
O1677,C1225,R110,2026-01-31,780
O1801,C652,R178,2026-01-31,500
O1872,C1394,R233,2026-01-31,1030
O1912,C1593,R136,2026-01-31,600
O2590,C881,R141,2026-01-31,240
O2864,C1573,R238,2026-01-31,540
O3097,C520,R221,2026-01-31,1110
O3106,C1360,R133,2026-01-31,500
O3700,C955,R182,2026-01-31,560
O735,C1544,R206,2026-02-01,590
O1396,C526,R218,2026-02-01,270
O2147,C937,R137,2026-02-01,510
O2420,C1206,R219,2026-02-01,840
O3132,C741,R201,2026-02-01,380
O3906,C534,R169,2026-02-01,1050
O4076,C291,R120,2026-02-01,1040
O4085,C929,R133,2026-02-01,550
O567,C939,R188,2026-02-02,1460
O884,C1609,R135,2026-02-02,2600
O944,C1317,R198,2026-02-02,970
O958,C278,R134,2026-02-02,650
O1254,C391,R107,2026-02-02,1280
O1485,C1072,R150,2026-02-02,250
O1635,C242,R219,2026-02-02,1390
O1786,C1368,R123,2026-02-02,590
O2286,C1020,R224,2026-02-02,440
O2841,C751,R173,2026-02-02,770
O3070,C835,R243,2026-02-02,260
O3244,C1156,R190,2026-02-02,520
O3255,C248,R134,2026-02-02,330
O3873,C920,R210,2026-02-02,600
O4360,C1193,R129,2026-02-02,920
O4375,C521,R189,2026-02-02,960
O862,C398,R183,2026-02-03,300
O3256,C208,R192,2026-02-03,890
O3659,C1397,R146,2026-02-03,390
O3716,C1216,R191,2026-02-03,880
O4194,C1100,R109,2026-02-03,460
O570,C356,R140,2026-02-04,510
O764,C826,R139,2026-02-04,480
O875,C1469,R219,2026-02-04,570
O1007,C1411,R233,2026-02-04,320
O1992,C432,R168,2026-02-04,910
O2020,C761,R103,2026-02-04,810
O3131,C1571,R197,2026-02-04,510
O4372,C1681,R192,2026-02-04,1120
O684,C893,R224,2026-02-05,640
O802,C750,R220,2026-02-05,1160
O1134,C381,R221,2026-02-05,590
O2005,C1523,R120,2026-02-05,980
O2062,C514,R134,2026-02-05,940
O2178,C1657,R221,2026-02-05,620
O3165,C619,R142,2026-02-05,510
O3568,C236,R203,2026-02-05,400
O4155,C1096,R174,2026-02-05,220
O685,C1475,R121,2026-02-06,700
O1452,C713,R194,2026-02-06,660
O2640,C1551,R114,2026-02-06,180
O2790,C1234,R227,2026-02-06,240
O2828,C1116,R158,2026-02-06,1080
O2939,C438,R142,2026-02-06,480
O2985,C1567,R246,2026-02-06,520
O3047,C1147,R174,2026-02-06,680
O3867,C273,R140,2026-02-06,600
O4104,C228,R211,2026-02-06,1050
O1436,C916,R232,2026-02-07,600
O1551,C1225,R247,2026-02-07,520
O1607,C928,R220,2026-02-07,620
O2320,C1346,R241,2026-02-07,510
O2549,C809,R119,2026-02-07,160
O2581,C1507,R154,2026-02-07,290
O2914,C1501,R109,2026-02-07,900
O3592,C1584,R217,2026-02-07,340
O3704,C565,R120,2026-02-07,220
O4002,C619,R171,2026-02-07,690
O4086,C1331,R178,2026-02-07,460
O593,C483,R236,2026-02-08,170
O1560,C347,R151,2026-02-08,680
O1825,C370,R194,2026-02-08,480
O2026,C1177,R244,2026-02-08,910
O3434,C1073,R192,2026-02-08,550
O3663,C410,R211,2026-02-08,1270
O3861,C1406,R249,2026-02-08,500
O3935,C1220,R104,2026-02-08,670
O4199,C1515,R225,2026-02-08,1690
O525,C1676,R218,2026-02-09,440
O794,C1441,R132,2026-02-09,1330
O970,C785,R168,2026-02-09,790
O1312,C1167,R165,2026-02-09,880
O1889,C1559,R120,2026-02-09,460
O2017,C1403,R116,2026-02-09,1600
O2783,C563,R214,2026-02-09,400
O3442,C656,R127,2026-02-09,340
O3601,C312,R140,2026-02-09,80
O3785,C298,R183,2026-02-09,690
O3872,C1184,R181,2026-02-09,1640
O4383,C437,R197,2026-02-09,260
O1513,C402,R213,2026-02-10,520
O2522,C308,R207,2026-02-10,560
O2537,C1074,R147,2026-02-10,460
O2541,C761,R118,2026-02-10,120
O2683,C860,R238,2026-02-10,330
O3836,C630,R208,2026-02-10,1060
O1525,C831,R173,2026-02-11,280
O1533,C560,R118,2026-02-11,480
O1850,C250,R230,2026-02-11,780
O2162,C438,R158,2026-02-11,1310
O2256,C1199,R153,2026-02-11,540
O2802,C1156,R228,2026-02-11,360
O2812,C368,R204,2026-02-11,1020
O3878,C503,R163,2026-02-11,500
O3880,C1661,R169,2026-02-11,1050
O4050,C439,R134,2026-02-11,560
O500,C927,R105,2026-02-12,1520
O561,C1356,R164,2026-02-12,230
O1510,C1479,R139,2026-02-12,840
O2144,C1534,R156,2026-02-12,1090
O3890,C1548,R241,2026-02-12,180
O4010,C1596,R231,2026-02-12,580
O4263,C1324,R177,2026-02-12,1040
O1005,C1689,R242,2026-02-13,700
O1019,C552,R179,2026-02-13,460
O1247,C985,R146,2026-02-13,800
O1430,C1314,R117,2026-02-13,1150
O1936,C838,R235,2026-02-13,840
O2326,C1091,R112,2026-02-13,1130
O2757,C486,R163,2026-02-13,800
O3075,C1467,R159,2026-02-13,290
O3543,C465,R248,2026-02-13,420
O4311,C1461,R173,2026-02-13,760
O1054,C364,R203,2026-02-14,360
O2532,C1133,R240,2026-02-14,390
O2722,C1580,R229,2026-02-14,140
O3239,C1543,R186,2026-02-14,200
O3751,C275,R163,2026-02-14,500
O3998,C1291,R109,2026-02-14,130
O1062,C805,R125,2026-02-15,360
O1303,C1590,R245,2026-02-15,590
O1374,C330,R188,2026-02-15,1370
O1693,C862,R104,2026-02-15,700
O2253,C1134,R156,2026-02-15,1190
O2845,C1028,R234,2026-02-15,580
O4125,C240,R221,2026-02-15,700
O4127,C714,R151,2026-02-15,260
O503,C668,R206,2026-02-16,460
O1885,C911,R188,2026-02-16,1650
O2217,C1294,R101,2026-02-16,430
O2999,C1172,R150,2026-02-16,400
O3407,C381,R118,2026-02-16,280
O3639,C1549,R243,2026-02-16,750
O3970,C1479,R214,2026-02-16,420
O4072,C1059,R191,2026-02-16,610
O769,C227,R139,2026-02-17,620
O1380,C643,R147,2026-02-17,250
O2645,C409,R117,2026-02-17,390
O2736,C837,R201,2026-02-17,630
O4077,C651,R231,2026-02-17,790
O1767,C1634,R120,2026-02-18,620
O2011,C903,R173,2026-02-18,1150
O2230,C1179,R223,2026-02-18,650
O2312,C1517,R201,2026-02-18,400
O2615,C299,R126,2026-02-18,420
O2848,C1322,R146,2026-02-18,210
O3066,C364,R176,2026-02-18,700
O3317,C706,R184,2026-02-18,1290
O3585,C371,R197,2026-02-18,480
O3648,C1112,R209,2026-02-18,1040
O4159,C613,R138,2026-02-18,340
O4225,C1263,R109,2026-02-18,720
O4247,C874,R247,2026-02-18,370
O532,C1453,R150,2026-02-19,790
O756,C911,R201,2026-02-19,460
O997,C1077,R120,2026-02-19,220
O1365,C1646,R248,2026-02-19,1110
O2024,C1139,R111,2026-02-19,410
O2101,C964,R118,2026-02-19,820
O2203,C243,R240,2026-02-19,470
O2250,C1659,R102,2026-02-19,340
O2545,C609,R194,2026-02-19,660
O2654,C1534,R236,2026-02-19,600
O3116,C1382,R198,2026-02-19,100
O3166,C329,R102,2026-02-19,200
O3830,C1092,R157,2026-02-19,610
O4317,C374,R172,2026-02-19,400
O1017,C1067,R141,2026-02-20,460
O1022,C760,R235,2026-02-20,140
O2008,C349,R209,2026-02-20,140
O2226,C849,R234,2026-02-20,510
O2372,C1217,R125,2026-02-20,370
O2602,C1624,R233,2026-02-20,260
O2822,C523,R190,2026-02-20,360
O4291,C494,R144,2026-02-20,950
O4340,C594,R185,2026-02-20,660
O1128,C1434,R218,2026-02-21,810
O1918,C267,R153,2026-02-21,770
O1943,C1677,R169,2026-02-21,750
O2448,C1146,R145,2026-02-21,890
O2561,C770,R135,2026-02-21,360
O3429,C1124,R215,2026-02-21,510
O3610,C890,R141,2026-02-21,340
O3895,C1495,R142,2026-02-21,120
O4069,C597,R151,2026-02-21,770
O4100,C981,R228,2026-02-21,590
O4319,C1350,R215,2026-02-21,90
O975,C1119,R165,2026-02-22,440
O2334,C872,R219,2026-02-22,1340
O2480,C1278,R171,2026-02-22,360
O4102,C476,R181,2026-02-22,1040
O1470,C450,R170,2026-02-23,1040
O2073,C1525,R210,2026-02-23,910
O2210,C1612,R231,2026-02-23,230
O2917,C245,R124,2026-02-23,1380
O3051,C430,R220,2026-02-23,860
O3147,C1247,R180,2026-02-23,100
O3422,C1216,R250,2026-02-23,560
O3650,C647,R225,2026-02-23,1130
O3668,C854,R182,2026-02-23,500
O3732,C1278,R133,2026-02-23,710
O4099,C1117,R186,2026-02-23,1380
O904,C645,R219,2026-02-24,430
O1823,C834,R211,2026-02-24,1270
O1898,C1429,R242,2026-02-24,1180
O3012,C822,R118,2026-02-24,1040
O3053,C1310,R176,2026-02-24,360
O3282,C434,R216,2026-02-24,600
O3778,C455,R214,2026-02-24,210
O2046,C1391,R193,2026-02-25,950
O2596,C357,R138,2026-02-25,410
O3451,C342,R219,2026-02-25,1100
O3973,C499,R179,2026-02-25,480
O4189,C728,R161,2026-02-25,1010
O408,C1502,R177,2026-02-26,230
O612,C693,R126,2026-02-26,550
O1944,C965,R250,2026-02-26,1200
O2202,C1423,R169,2026-02-26,1200
O2772,C1644,R154,2026-02-26,590
O2972,C1623,R167,2026-02-26,380
O3036,C1264,R214,2026-02-26,1100
O3058,C1069,R104,2026-02-26,870
O4143,C300,R163,2026-02-26,600
O481,C623,R231,2026-02-27,280
O516,C497,R117,2026-02-27,800
O1424,C273,R140,2026-02-27,1180
O1987,C645,R173,2026-02-27,970
O2030,C919,R152,2026-02-27,360
O2908,C1432,R148,2026-02-27,520
O3493,C386,R172,2026-02-27,860
